2026-07-30T13:59 ORD-00001 NEW -> PLACED
2026-07-30T14:02 ORD-00001 PLACED -> ACCEPTED
2026-07-30T14:02 ORD-00001 ACCEPTED -> PREPARING
2026-07-30T14:26 ORD-00001 PREPARING -> READY
2026-07-30T14:26 ORD-00001 READY -> ASSIGNED rider=D1
2026-07-30T14:35 ORD-00001 ASSIGNED -> OUT_FOR_DELIVERY rider=D1
2026-07-30T15:10 ORD-00001 OUT_FOR_DELIVERY -> DELIVERED rider=D1
2026-07-31T14:16 ORD-00002 NEW -> PLACED
2026-07-31T14:19 ORD-00002 PLACED -> ACCEPTED
2026-07-31T14:19 ORD-00002 ACCEPTED -> PREPARING
2026-07-31T14:34 ORD-00002 PREPARING -> READY
2026-07-31T14:34 ORD-00002 READY -> ASSIGNED rider=D5
2026-07-31T14:39 ORD-00002 ASSIGNED -> OUT_FOR_DELIVERY rider=D5
2026-07-31T15:15 ORD-00002 OUT_FOR_DELIVERY -> DELIVERED rider=D5
2026-08-01T19:30 ORD-00003 NEW -> PLACED
2026-08-01T19:33 ORD-00003 PLACED -> ACCEPTED
2026-08-01T19:33 ORD-00003 ACCEPTED -> PREPARING
2026-08-01T19:55 ORD-00003 PREPARING -> READY
2026-08-01T19:55 ORD-00003 READY -> ASSIGNED rider=D1
2026-08-01T20:01 ORD-00003 ASSIGNED -> OUT_FOR_DELIVERY rider=D1
2026-08-01T20:14 ORD-00003 OUT_FOR_DELIVERY -> DELIVERED rider=D1
2026-08-02T20:48 ORD-00004 NEW -> PLACED
2026-08-02T20:51 ORD-00004 PLACED -> ACCEPTED
2026-08-02T20:51 ORD-00004 ACCEPTED -> PREPARING
2026-08-02T21:06 ORD-00004 PREPARING -> READY
2026-08-02T21:06 ORD-00004 READY -> ASSIGNED rider=D3
2026-08-02T21:14 ORD-00004 ASSIGNED -> OUT_FOR_DELIVERY rider=D3
2026-08-02T21:32 ORD-00004 OUT_FOR_DELIVERY -> DELIVERED rider=D3
2026-08-03T20:20 ORD-00005 NEW -> PLACED
2026-08-03T20:23 ORD-00005 PLACED -> ACCEPTED
2026-08-03T20:23 ORD-00005 ACCEPTED -> PREPARING
2026-08-03T20:50 ORD-00005 PREPARING -> READY
2026-08-03T20:50 ORD-00005 READY -> ASSIGNED rider=D3
2026-08-03T20:58 ORD-00005 ASSIGNED -> OUT_FOR_DELIVERY rider=D3
2026-08-03T21:22 ORD-00005 OUT_FOR_DELIVERY -> DELIVERED rider=D3
2026-08-04T21:46 ORD-00006 NEW -> PLACED
2026-08-04T21:49 ORD-00006 PLACED -> ACCEPTED
2026-08-04T21:49 ORD-00006 ACCEPTED -> PREPARING
2026-08-04T22:05 ORD-00006 PREPARING -> READY
2026-08-04T22:05 ORD-00006 READY -> ASSIGNED rider=D1
2026-08-04T22:13 ORD-00006 ASSIGNED -> OUT_FOR_DELIVERY rider=D1
2026-08-04T22:28 ORD-00006 OUT_FOR_DELIVERY -> DELIVERED rider=D1
2026-08-05T21:36 ORD-00007 NEW -> PLACED
2026-08-05T21:39 ORD-00007 PLACED -> ACCEPTED
2026-08-05T21:39 ORD-00007 ACCEPTED -> PREPARING
2026-08-05T22:03 ORD-00007 PREPARING -> READY
2026-08-05T22:03 ORD-00007 READY -> ASSIGNED rider=D5
2026-08-05T22:08 ORD-00007 ASSIGNED -> OUT_FOR_DELIVERY rider=D5
2026-08-05T22:35 ORD-00007 OUT_FOR_DELIVERY -> DELIVERED rider=D5
2026-08-06T22:30 ORD-00008 NEW -> PLACED
2026-08-06T22:33 ORD-00008 PLACED -> ACCEPTED
2026-08-06T22:33 ORD-00008 ACCEPTED -> PREPARING
2026-08-06T22:51 ORD-00008 PREPARING -> READY
2026-08-06T22:51 ORD-00008 READY -> ASSIGNED rider=D3
2026-08-06T22:59 ORD-00008 ASSIGNED -> OUT_FOR_DELIVERY rider=D3
2026-08-06T23:29 ORD-00008 OUT_FOR_DELIVERY -> DELIVERED rider=D3
2026-08-07T15:31 ORD-00009 NEW -> PLACED
2026-08-07T15:34 ORD-00009 PLACED -> ACCEPTED
2026-08-07T15:34 ORD-00009 ACCEPTED -> PREPARING
2026-08-07T15:56 ORD-00009 PREPARING -> READY
2026-08-07T15:56 ORD-00009 READY -> ASSIGNED rider=D1
2026-08-07T16:03 ORD-00009 ASSIGNED -> OUT_FOR_DELIVERY rider=D1
2026-08-07T16:33 ORD-00009 OUT_FOR_DELIVERY -> DELIVERED rider=D1
2026-08-07T20:30 ORD-00010 NEW -> PLACED
2026-08-07T20:33 ORD-00010 PLACED -> ACCEPTED
2026-08-07T20:33 ORD-00010 ACCEPTED -> PREPARING
2026-08-07T20:52 ORD-00010 PREPARING -> READY
2026-08-07T20:52 ORD-00010 READY -> ASSIGNED rider=D2
2026-08-07T20:58 ORD-00010 ASSIGNED -> OUT_FOR_DELIVERY rider=D2
2026-08-07T21:19 ORD-00010 OUT_FOR_DELIVERY -> DELIVERED rider=D2
2026-08-08T13:45 ORD-00011 NEW -> PLACED
2026-08-08T13:48 ORD-00011 PLACED -> ACCEPTED
2026-08-08T13:48 ORD-00011 ACCEPTED -> PREPARING
2026-08-08T14:07 ORD-00011 PREPARING -> READY
2026-08-08T14:07 ORD-00011 READY -> ASSIGNED rider=D5
2026-08-08T14:12 ORD-00011 ASSIGNED -> OUT_FOR_DELIVERY rider=D5
2026-08-08T14:46 ORD-00011 OUT_FOR_DELIVERY -> DELIVERED rider=D5
2026-08-09T14:01 ORD-00012 NEW -> PLACED
2026-08-09T14:04 ORD-00012 PLACED -> ACCEPTED
2026-08-09T14:04 ORD-00012 ACCEPTED -> PREPARING
2026-08-09T14:30 ORD-00012 PREPARING -> READY
2026-08-09T14:30 ORD-00012 READY -> ASSIGNED rider=D3
2026-08-09T14:35 ORD-00012 ASSIGNED -> OUT_FOR_DELIVERY rider=D3
2026-08-09T14:53 ORD-00012 OUT_FOR_DELIVERY -> DELIVERED rider=D3
2026-08-10T19:44 ORD-00013 NEW -> PLACED
2026-08-10T19:47 ORD-00013 PLACED -> ACCEPTED
2026-08-10T19:47 ORD-00013 ACCEPTED -> PREPARING
2026-08-10T20:16 ORD-00013 PREPARING -> READY
2026-08-10T20:16 ORD-00013 READY -> ASSIGNED rider=D1
2026-08-10T20:21 ORD-00013 ASSIGNED -> OUT_FOR_DELIVERY rider=D1
2026-08-10T20:48 ORD-00013 OUT_FOR_DELIVERY -> DELIVERED rider=D1
2026-08-10T20:59 ORD-00014 NEW -> PLACED
2026-08-10T21:02 ORD-00014 PLACED -> ACCEPTED
2026-08-10T21:02 ORD-00014 ACCEPTED -> PREPARING
2026-08-10T21:19 ORD-00014 PREPARING -> READY
2026-08-10T21:19 ORD-00014 READY -> ASSIGNED rider=D1
2026-08-10T21:26 ORD-00014 ASSIGNED -> OUT_FOR_DELIVERY rider=D1
2026-08-10T21:58 ORD-00014 OUT_FOR_DELIVERY -> DELIVERED rider=D1
2026-08-11T20:55 ORD-00015 NEW -> PLACED
2026-08-11T20:58 ORD-00015 PLACED -> ACCEPTED
2026-08-11T20:58 ORD-00015 ACCEPTED -> PREPARING
2026-08-11T21:13 ORD-00015 PREPARING -> READY
2026-08-11T21:13 ORD-00015 READY -> ASSIGNED rider=D5
2026-08-11T21:22 ORD-00015 ASSIGNED -> OUT_FOR_DELIVERY rider=D5
2026-08-11T21:50 ORD-00015 OUT_FOR_DELIVERY -> DELIVERED rider=D5
2026-08-12T21:20 ORD-00016 NEW -> PLACED
2026-08-12T21:23 ORD-00016 PLACED -> ACCEPTED
2026-08-12T21:23 ORD-00016 ACCEPTED -> PREPARING
2026-08-12T21:48 ORD-00016 PREPARING -> READY
2026-08-12T21:48 ORD-00016 READY -> ASSIGNED rider=D3
2026-08-12T21:56 ORD-00016 ASSIGNED -> OUT_FOR_DELIVERY rider=D3
2026-08-12T22:29 ORD-00016 OUT_FOR_DELIVERY -> DELIVERED rider=D3
2026-08-12T21:10 ORD-00017 NEW -> PLACED
2026-08-12T21:13 ORD-00017 PLACED -> ACCEPTED
2026-08-12T21:13 ORD-00017 ACCEPTED -> PREPARING
2026-08-12T21:37 ORD-00017 PREPARING -> READY
2026-08-12T21:37 ORD-00017 READY -> ASSIGNED rider=D4
2026-08-12T21:44 ORD-00017 ASSIGNED -> OUT_FOR_DELIVERY rider=D4
2026-08-12T22:20 ORD-00017 OUT_FOR_DELIVERY -> DELIVERED rider=D4
2026-08-13T22:28 ORD-00018 NEW -> PLACED
2026-08-13T22:31 ORD-00018 PLACED -> ACCEPTED
2026-08-13T22:31 ORD-00018 ACCEPTED -> PREPARING
2026-08-13T22:50 ORD-00018 PREPARING -> READY
2026-08-13T22:50 ORD-00018 READY -> ASSIGNED rider=D2
2026-08-13T22:55 ORD-00018 ASSIGNED -> OUT_FOR_DELIVERY rider=D2
2026-08-13T23:27 ORD-00018 OUT_FOR_DELIVERY -> DELIVERED rider=D2
2026-08-13T15:25 ORD-00019 NEW -> PLACED
2026-08-13T15:28 ORD-00019 PLACED -> ACCEPTED
2026-08-13T15:28 ORD-00019 ACCEPTED -> PREPARING
2026-08-13T15:46 ORD-00019 PREPARING -> READY
2026-08-13T15:46 ORD-00019 READY -> ASSIGNED rider=D1
2026-08-13T15:53 ORD-00019 ASSIGNED -> OUT_FOR_DELIVERY rider=D1
2026-08-13T16:29 ORD-00019 OUT_FOR_DELIVERY -> DELIVERED rider=D1
2026-08-14T20:00 ORD-00020 NEW -> PLACED
2026-08-14T20:03 ORD-00020 PLACED -> ACCEPTED
2026-08-14T20:03 ORD-00020 ACCEPTED -> PREPARING
2026-08-14T20:22 ORD-00020 PREPARING -> READY
2026-08-14T20:22 ORD-00020 READY -> ASSIGNED rider=D2
2026-08-14T20:28 ORD-00020 ASSIGNED -> OUT_FOR_DELIVERY rider=D2
2026-08-14T20:42 ORD-00020 OUT_FOR_DELIVERY -> DELIVERED rider=D2
2026-08-15T13:00 ORD-00021 NEW -> PLACED
2026-08-15T13:03 ORD-00021 PLACED -> ACCEPTED
2026-08-15T13:03 ORD-00021 ACCEPTED -> PREPARING
2026-08-15T13:27 ORD-00021 PREPARING -> READY
2026-08-15T13:27 ORD-00021 READY -> ASSIGNED rider=D2
2026-08-15T13:36 ORD-00021 ASSIGNED -> OUT_FOR_DELIVERY rider=D2
2026-08-15T13:52 ORD-00021 OUT_FOR_DELIVERY -> DELIVERED rider=D2
2026-08-16T14:27 ORD-00022 NEW -> PLACED
2026-08-16T14:30 ORD-00022 PLACED -> ACCEPTED
2026-08-16T14:30 ORD-00022 ACCEPTED -> PREPARING
2026-08-16T14:52 ORD-00022 PREPARING -> READY
2026-08-16T14:52 ORD-00022 READY -> ASSIGNED rider=D2
2026-08-16T14:59 ORD-00022 ASSIGNED -> OUT_FOR_DELIVERY rider=D2
2026-08-16T15:28 ORD-00022 OUT_FOR_DELIVERY -> DELIVERED rider=D2
2026-08-16T19:28 ORD-00023 NEW -> PLACED
2026-08-16T19:31 ORD-00023 PLACED -> ACCEPTED
2026-08-16T19:31 ORD-00023 ACCEPTED -> PREPARING
2026-08-16T19:52 ORD-00023 PREPARING -> READY
2026-08-16T19:52 ORD-00023 READY -> ASSIGNED rider=D2
2026-08-16T19:59 ORD-00023 ASSIGNED -> OUT_FOR_DELIVERY rider=D2
2026-08-16T20:21 ORD-00023 OUT_FOR_DELIVERY -> DELIVERED rider=D2
2026-08-17T20:10 ORD-00024 NEW -> PLACED
2026-08-17T20:13 ORD-00024 PLACED -> ACCEPTED
2026-08-17T20:13 ORD-00024 ACCEPTED -> PREPARING
2026-08-17T20:32 ORD-00024 PREPARING -> READY
2026-08-17T20:32 ORD-00024 READY -> ASSIGNED rider=D5
2026-08-17T20:40 ORD-00024 ASSIGNED -> OUT_FOR_DELIVERY rider=D5
2026-08-17T20:57 ORD-00024 OUT_FOR_DELIVERY -> DELIVERED rider=D5
2026-08-17T20:02 ORD-00025 NEW -> PLACED
2026-08-17T20:05 ORD-00025 PLACED -> ACCEPTED
2026-08-17T20:05 ORD-00025 ACCEPTED -> PREPARING
2026-08-17T20:32 ORD-00025 PREPARING -> READY
2026-08-17T20:32 ORD-00025 READY -> ASSIGNED rider=D4
2026-08-17T20:38 ORD-00025 ASSIGNED -> OUT_FOR_DELIVERY rider=D4
2026-08-17T20:50 ORD-00025 OUT_FOR_DELIVERY -> DELIVERED rider=D4
2026-08-18T21:15 ORD-00026 NEW -> PLACED
2026-08-18T21:18 ORD-00026 PLACED -> ACCEPTED
2026-08-18T21:18 ORD-00026 ACCEPTED -> PREPARING
2026-08-18T21:47 ORD-00026 PREPARING -> READY
2026-08-18T21:47 ORD-00026 READY -> ASSIGNED rider=D3
2026-08-18T21:52 ORD-00026 ASSIGNED -> OUT_FOR_DELIVERY rider=D3
2026-08-18T22:24 ORD-00026 OUT_FOR_DELIVERY -> DELIVERED rider=D3
2026-08-19T21:44 ORD-00027 NEW -> PLACED
2026-08-19T21:47 ORD-00027 PLACED -> ACCEPTED
2026-08-19T21:47 ORD-00027 ACCEPTED -> PREPARING
2026-08-19T22:08 ORD-00027 PREPARING -> READY
2026-08-19T22:08 ORD-00027 READY -> ASSIGNED rider=D2
2026-08-19T22:17 ORD-00027 ASSIGNED -> OUT_FOR_DELIVERY rider=D2
2026-08-19T22:41 ORD-00027 OUT_FOR_DELIVERY -> DELIVERED rider=D2
2026-08-19T22:44 ORD-00028 NEW -> PLACED
2026-08-19T22:47 ORD-00028 PLACED -> ACCEPTED
2026-08-19T22:47 ORD-00028 ACCEPTED -> PREPARING
2026-08-19T23:03 ORD-00028 PREPARING -> READY
2026-08-19T23:03 ORD-00028 READY -> ASSIGNED rider=D1
2026-08-19T23:09 ORD-00028 ASSIGNED -> OUT_FOR_DELIVERY rider=D1
2026-08-19T23:43 ORD-00028 OUT_FOR_DELIVERY -> DELIVERED rider=D1
2026-08-20T15:44 ORD-00029 NEW -> PLACED
2026-08-20T15:47 ORD-00029 PLACED -> ACCEPTED
2026-08-20T15:47 ORD-00029 ACCEPTED -> PREPARING
2026-08-20T16:13 ORD-00029 PREPARING -> READY
2026-08-20T16:13 ORD-00029 READY -> ASSIGNED rider=D5
2026-08-20T16:19 ORD-00029 ASSIGNED -> OUT_FOR_DELIVERY rider=D5
2026-08-20T16:34 ORD-00029 OUT_FOR_DELIVERY -> DELIVERED rider=D5
2026-08-21T20:45 ORD-00030 NEW -> PLACED
2026-08-21T20:48 ORD-00030 PLACED -> ACCEPTED
2026-08-21T20:48 ORD-00030 ACCEPTED -> PREPARING
2026-08-21T21:15 ORD-00030 PREPARING -> READY
2026-08-21T21:15 ORD-00030 READY -> ASSIGNED rider=D3
2026-08-21T21:21 ORD-00030 ASSIGNED -> OUT_FOR_DELIVERY rider=D3
2026-08-21T21:44 ORD-00030 OUT_FOR_DELIVERY -> DELIVERED rider=D3
2026-08-22T13:46 ORD-00031 NEW -> PLACED
2026-08-22T13:49 ORD-00031 PLACED -> ACCEPTED
2026-08-22T13:49 ORD-00031 ACCEPTED -> PREPARING
2026-08-22T14:13 ORD-00031 PREPARING -> READY
2026-08-22T14:13 ORD-00031 READY -> ASSIGNED rider=D2
2026-08-22T14:18 ORD-00031 ASSIGNED -> OUT_FOR_DELIVERY rider=D2
2026-08-22T14:53 ORD-00031 OUT_FOR_DELIVERY -> DELIVERED rider=D2
2026-08-22T14:49 ORD-00032 NEW -> PLACED
2026-08-22T14:52 ORD-00032 PLACED -> ACCEPTED
2026-08-22T14:52 ORD-00032 ACCEPTED -> PREPARING
2026-08-22T15:19 ORD-00032 PREPARING -> READY
2026-08-22T15:19 ORD-00032 READY -> ASSIGNED rider=D2
2026-08-22T15:28 ORD-00032 ASSIGNED -> OUT_FOR_DELIVERY rider=D2
2026-08-22T16:01 ORD-00032 OUT_FOR_DELIVERY -> DELIVERED rider=D2
2026-08-23T19:37 ORD-00033 NEW -> PLACED
2026-08-23T19:40 ORD-00033 PLACED -> ACCEPTED
2026-08-23T19:40 ORD-00033 ACCEPTED -> PREPARING
2026-08-23T20:05 ORD-00033 PREPARING -> READY
2026-08-23T20:05 ORD-00033 READY -> ASSIGNED rider=D5
2026-08-23T20:11 ORD-00033 ASSIGNED -> OUT_FOR_DELIVERY rider=D5
2026-08-23T20:46 ORD-00033 OUT_FOR_DELIVERY -> DELIVERED rider=D5
2026-08-24T20:04 ORD-00034 NEW -> PLACED
2026-08-24T20:07 ORD-00034 PLACED -> ACCEPTED
2026-08-24T20:07 ORD-00034 ACCEPTED -> PREPARING
2026-08-24T20:34 ORD-00034 PREPARING -> READY
2026-08-24T20:34 ORD-00034 READY -> ASSIGNED rider=D3
2026-08-24T20:43 ORD-00034 ASSIGNED -> OUT_FOR_DELIVERY rider=D3
2026-08-24T21:04 ORD-00034 OUT_FOR_DELIVERY -> DELIVERED rider=D3
2026-08-25T20:51 ORD-00035 NEW -> PLACED
2026-08-25T20:54 ORD-00035 PLACED -> ACCEPTED
2026-08-25T20:54 ORD-00035 ACCEPTED -> PREPARING
2026-08-25T21:15 ORD-00035 PREPARING -> READY
2026-08-25T21:15 ORD-00035 READY -> ASSIGNED rider=D1
2026-08-25T21:23 ORD-00035 ASSIGNED -> OUT_FOR_DELIVERY rider=D1
2026-08-25T21:53 ORD-00035 OUT_FOR_DELIVERY -> DELIVERED rider=D1
2026-08-25T21:27 ORD-00036 NEW -> PLACED
2026-08-25T21:30 ORD-00036 PLACED -> ACCEPTED
2026-08-25T21:30 ORD-00036 ACCEPTED -> PREPARING
2026-08-25T21:56 ORD-00036 PREPARING -> READY
2026-08-25T21:56 ORD-00036 READY -> ASSIGNED rider=D2
2026-08-25T22:05 ORD-00036 ASSIGNED -> OUT_FOR_DELIVERY rider=D2
2026-08-25T22:36 ORD-00036 OUT_FOR_DELIVERY -> DELIVERED rider=D2
2026-08-26T21:15 ORD-00037 NEW -> PLACED
2026-08-26T21:18 ORD-00037 PLACED -> ACCEPTED
2026-08-26T21:18 ORD-00037 ACCEPTED -> PREPARING
2026-08-26T21:35 ORD-00037 PREPARING -> READY
2026-08-26T21:35 ORD-00037 READY -> ASSIGNED rider=D5
2026-08-26T21:44 ORD-00037 ASSIGNED -> OUT_FOR_DELIVERY rider=D5
2026-08-26T22:17 ORD-00037 OUT_FOR_DELIVERY -> DELIVERED rider=D5
2026-08-27T22:20 ORD-00038 NEW -> PLACED
2026-08-27T22:23 ORD-00038 PLACED -> ACCEPTED
2026-08-27T22:23 ORD-00038 ACCEPTED -> PREPARING
2026-08-27T22:46 ORD-00038 PREPARING -> READY
2026-08-27T22:46 ORD-00038 READY -> ASSIGNED rider=D3
2026-08-27T22:56 ORD-00038 ASSIGNED -> OUT_FOR_DELIVERY rider=D3
2026-08-27T23:11 ORD-00038 OUT_FOR_DELIVERY -> DELIVERED rider=D3
2026-08-28T15:29 ORD-00039 NEW -> PLACED
2026-08-28T15:32 ORD-00039 PLACED -> ACCEPTED
2026-08-28T15:32 ORD-00039 ACCEPTED -> PREPARING
2026-08-28T15:50 ORD-00039 PREPARING -> READY
2026-08-28T15:50 ORD-00039 READY -> ASSIGNED rider=D1
2026-08-28T16:00 ORD-00039 ASSIGNED -> OUT_FOR_DELIVERY rider=D1
2026-08-28T16:33 ORD-00039 OUT_FOR_DELIVERY -> DELIVERED rider=D1
2026-08-28T20:07 ORD-00040 NEW -> PLACED
2026-08-28T20:10 ORD-00040 PLACED -> ACCEPTED
2026-08-28T20:10 ORD-00040 ACCEPTED -> PREPARING
2026-08-28T20:33 ORD-00040 PREPARING -> READY
2026-08-28T20:33 ORD-00040 READY -> ASSIGNED rider=D1
2026-08-28T20:38 ORD-00040 ASSIGNED -> OUT_FOR_DELIVERY rider=D1
2026-08-28T20:59 ORD-00040 OUT_FOR_DELIVERY -> DELIVERED rider=D1
2026-08-29T13:06 ORD-00041 NEW -> PLACED
2026-08-29T13:09 ORD-00041 PLACED -> ACCEPTED
2026-08-29T13:09 ORD-00041 ACCEPTED -> PREPARING
2026-08-29T13:38 ORD-00041 PREPARING -> READY
2026-08-29T13:38 ORD-00041 READY -> ASSIGNED rider=D5
2026-08-29T13:46 ORD-00041 ASSIGNED -> OUT_FOR_DELIVERY rider=D5
2026-08-29T14:11 ORD-00041 OUT_FOR_DELIVERY -> DELIVERED rider=D5
2026-08-30T14:38 ORD-00042 NEW -> PLACED
2026-08-30T14:41 ORD-00042 PLACED -> ACCEPTED
2026-08-30T14:41 ORD-00042 ACCEPTED -> PREPARING
2026-08-30T15:09 ORD-00042 PREPARING -> READY
2026-08-30T15:09 ORD-00042 READY -> ASSIGNED rider=D3
2026-08-30T15:19 ORD-00042 ASSIGNED -> OUT_FOR_DELIVERY rider=D3
2026-08-30T15:42 ORD-00042 OUT_FOR_DELIVERY -> DELIVERED rider=D3
2026-08-31T19:41 ORD-00043 NEW -> PLACED
2026-08-31T19:44 ORD-00043 PLACED -> ACCEPTED
2026-08-31T19:44 ORD-00043 ACCEPTED -> PREPARING
2026-08-31T19:59 ORD-00043 PREPARING -> READY
2026-08-31T19:59 ORD-00043 READY -> ASSIGNED rider=D2
2026-08-31T20:06 ORD-00043 ASSIGNED -> OUT_FOR_DELIVERY rider=D2
2026-08-31T20:39 ORD-00043 OUT_FOR_DELIVERY -> DELIVERED rider=D2
2026-09-03T20:44 ORD-00044 NEW -> PLACED
2026-09-03T20:47 ORD-00044 PLACED -> ACCEPTED
2026-09-03T20:47 ORD-00044 ACCEPTED -> PREPARING
2026-09-03T21:03 ORD-00044 PREPARING -> READY
2026-09-03T21:03 ORD-00044 READY -> ASSIGNED rider=D1
2026-09-03T21:12 ORD-00044 ASSIGNED -> OUT_FOR_DELIVERY rider=D1
2026-09-03T21:31 ORD-00044 OUT_FOR_DELIVERY -> DELIVERED rider=D1
2026-09-06T20:04 ORD-00045 NEW -> PLACED
2026-09-06T20:07 ORD-00045 PLACED -> ACCEPTED
2026-09-06T20:07 ORD-00045 ACCEPTED -> PREPARING
2026-09-06T20:29 ORD-00045 PREPARING -> READY
2026-09-06T20:29 ORD-00045 READY -> ASSIGNED rider=D2
2026-09-06T20:34 ORD-00045 ASSIGNED -> OUT_FOR_DELIVERY rider=D2
2026-09-06T20:52 ORD-00045 OUT_FOR_DELIVERY -> DELIVERED rider=D2
2026-09-06T21:36 ORD-00046 NEW -> PLACED
2026-09-06T21:39 ORD-00046 PLACED -> ACCEPTED
2026-09-06T21:39 ORD-00046 ACCEPTED -> PREPARING
2026-09-06T22:01 ORD-00046 PREPARING -> READY
2026-09-06T22:01 ORD-00046 READY -> ASSIGNED rider=D4
2026-09-06T22:09 ORD-00046 ASSIGNED -> OUT_FOR_DELIVERY rider=D4
2026-09-06T22:37 ORD-00046 OUT_FOR_DELIVERY -> DELIVERED rider=D4
2026-09-09T21:49 ORD-00047 NEW -> PLACED
2026-09-09T21:52 ORD-00047 PLACED -> ACCEPTED
2026-09-09T21:52 ORD-00047 ACCEPTED -> PREPARING
2026-09-09T22:18 ORD-00047 PREPARING -> READY
2026-09-09T22:18 ORD-00047 READY -> ASSIGNED rider=D1
2026-09-09T22:27 ORD-00047 ASSIGNED -> OUT_FOR_DELIVERY rider=D1
2026-09-09T22:53 ORD-00047 OUT_FOR_DELIVERY -> DELIVERED rider=D1
2026-09-14T22:27 ORD-00048 NEW -> PLACED
2026-09-14T22:30 ORD-00048 PLACED -> ACCEPTED
2026-09-14T22:30 ORD-00048 ACCEPTED -> PREPARING
2026-09-14T22:46 ORD-00048 PREPARING -> READY
2026-09-14T22:46 ORD-00048 READY -> ASSIGNED rider=D4
2026-09-14T22:55 ORD-00048 ASSIGNED -> OUT_FOR_DELIVERY rider=D4
2026-09-14T23:15 ORD-00048 OUT_FOR_DELIVERY -> DELIVERED rider=D4
2026-09-20T15:28 ORD-00049 NEW -> PLACED
2026-09-20T15:31 ORD-00049 PLACED -> ACCEPTED
2026-09-20T15:31 ORD-00049 ACCEPTED -> PREPARING
2026-09-20T15:48 ORD-00049 PREPARING -> READY
2026-09-20T15:48 ORD-00049 READY -> ASSIGNED rider=D2
2026-09-20T15:55 ORD-00049 ASSIGNED -> OUT_FOR_DELIVERY rider=D2
2026-09-20T16:20 ORD-00049 OUT_FOR_DELIVERY -> DELIVERED rider=D2
2026-08-15T20:06:09.824505100 ORD-00050 NEW -> PLACED
2026-08-15T20:06:09.824505100 ORD-00050 PLACED -> CANCELLED
2026-09-26T20:06:10.080512200 ORD-00051 NEW -> PLACED
2026-09-26T20:06:10.081510200 ORD-00052 NEW -> PLACED
2026-09-26T20:06:10.081510200 ORD-00052 PLACED -> ACCEPTED
2026-09-26T20:06:10.082508900 ORD-00052 ACCEPTED -> PREPARING
2026-09-26T20:06:10.082508900 ORD-00053 NEW -> PLACED
2026-09-26T20:06:10.083505500 ORD-00053 PLACED -> ACCEPTED
2026-09-26T20:06:10.083505500 ORD-00053 ACCEPTED -> PREPARING
2026-09-26T20:06:10.084528200 ORD-00053 PREPARING -> READY
2026-07-30T13:59 ORD-00001 NEW -> PLACED
2026-07-30T14:02 ORD-00001 PLACED -> ACCEPTED
2026-07-30T14:02 ORD-00001 ACCEPTED -> PREPARING
2026-07-30T14:26 ORD-00001 PREPARING -> READY
2026-07-30T14:26 ORD-00001 READY -> ASSIGNED rider=D1
2026-07-30T14:35 ORD-00001 ASSIGNED -> OUT_FOR_DELIVERY rider=D1
2026-07-30T15:10 ORD-00001 OUT_FOR_DELIVERY -> DELIVERED rider=D1
2026-07-31T14:16 ORD-00002 NEW -> PLACED
2026-07-31T14:19 ORD-00002 PLACED -> ACCEPTED
2026-07-31T14:19 ORD-00002 ACCEPTED -> PREPARING
2026-07-31T14:34 ORD-00002 PREPARING -> READY
2026-07-31T14:34 ORD-00002 READY -> ASSIGNED rider=D5
2026-07-31T14:39 ORD-00002 ASSIGNED -> OUT_FOR_DELIVERY rider=D5
2026-07-31T15:15 ORD-00002 OUT_FOR_DELIVERY -> DELIVERED rider=D5
2026-08-01T19:30 ORD-00003 NEW -> PLACED
2026-08-01T19:33 ORD-00003 PLACED -> ACCEPTED
2026-08-01T19:33 ORD-00003 ACCEPTED -> PREPARING
2026-08-01T19:55 ORD-00003 PREPARING -> READY
2026-08-01T19:55 ORD-00003 READY -> ASSIGNED rider=D1
2026-08-01T20:01 ORD-00003 ASSIGNED -> OUT_FOR_DELIVERY rider=D1
2026-08-01T20:14 ORD-00003 OUT_FOR_DELIVERY -> DELIVERED rider=D1
2026-08-02T20:48 ORD-00004 NEW -> PLACED
2026-08-02T20:51 ORD-00004 PLACED -> ACCEPTED
2026-08-02T20:51 ORD-00004 ACCEPTED -> PREPARING
2026-08-02T21:06 ORD-00004 PREPARING -> READY
2026-08-02T21:06 ORD-00004 READY -> ASSIGNED rider=D3
2026-08-02T21:14 ORD-00004 ASSIGNED -> OUT_FOR_DELIVERY rider=D3
2026-08-02T21:32 ORD-00004 OUT_FOR_DELIVERY -> DELIVERED rider=D3
2026-08-03T20:20 ORD-00005 NEW -> PLACED
2026-08-03T20:23 ORD-00005 PLACED -> ACCEPTED
2026-08-03T20:23 ORD-00005 ACCEPTED -> PREPARING
2026-08-03T20:50 ORD-00005 PREPARING -> READY
2026-08-03T20:50 ORD-00005 READY -> ASSIGNED rider=D3
2026-08-03T20:58 ORD-00005 ASSIGNED -> OUT_FOR_DELIVERY rider=D3
2026-08-03T21:22 ORD-00005 OUT_FOR_DELIVERY -> DELIVERED rider=D3
2026-08-04T21:46 ORD-00006 NEW -> PLACED
2026-08-04T21:49 ORD-00006 PLACED -> ACCEPTED
2026-08-04T21:49 ORD-00006 ACCEPTED -> PREPARING
2026-08-04T22:05 ORD-00006 PREPARING -> READY
2026-08-04T22:05 ORD-00006 READY -> ASSIGNED rider=D1
2026-08-04T22:13 ORD-00006 ASSIGNED -> OUT_FOR_DELIVERY rider=D1
2026-08-04T22:28 ORD-00006 OUT_FOR_DELIVERY -> DELIVERED rider=D1
2026-08-05T21:36 ORD-00007 NEW -> PLACED
2026-08-05T21:39 ORD-00007 PLACED -> ACCEPTED
2026-08-05T21:39 ORD-00007 ACCEPTED -> PREPARING
2026-08-05T22:03 ORD-00007 PREPARING -> READY
2026-08-05T22:03 ORD-00007 READY -> ASSIGNED rider=D5
2026-08-05T22:08 ORD-00007 ASSIGNED -> OUT_FOR_DELIVERY rider=D5
2026-08-05T22:35 ORD-00007 OUT_FOR_DELIVERY -> DELIVERED rider=D5
2026-08-06T22:30 ORD-00008 NEW -> PLACED
2026-08-06T22:33 ORD-00008 PLACED -> ACCEPTED
2026-08-06T22:33 ORD-00008 ACCEPTED -> PREPARING
2026-08-06T22:51 ORD-00008 PREPARING -> READY
2026-08-06T22:51 ORD-00008 READY -> ASSIGNED rider=D3
2026-08-06T22:59 ORD-00008 ASSIGNED -> OUT_FOR_DELIVERY rider=D3
2026-08-06T23:29 ORD-00008 OUT_FOR_DELIVERY -> DELIVERED rider=D3
2026-08-07T15:31 ORD-00009 NEW -> PLACED
2026-08-07T15:34 ORD-00009 PLACED -> ACCEPTED
2026-08-07T15:34 ORD-00009 ACCEPTED -> PREPARING
2026-08-07T15:56 ORD-00009 PREPARING -> READY
2026-08-07T15:56 ORD-00009 READY -> ASSIGNED rider=D1
2026-08-07T16:03 ORD-00009 ASSIGNED -> OUT_FOR_DELIVERY rider=D1
2026-08-07T16:33 ORD-00009 OUT_FOR_DELIVERY -> DELIVERED rider=D1
2026-08-07T20:30 ORD-00010 NEW -> PLACED
2026-08-07T20:33 ORD-00010 PLACED -> ACCEPTED
2026-08-07T20:33 ORD-00010 ACCEPTED -> PREPARING
2026-08-07T20:52 ORD-00010 PREPARING -> READY
2026-08-07T20:52 ORD-00010 READY -> ASSIGNED rider=D2
2026-08-07T20:58 ORD-00010 ASSIGNED -> OUT_FOR_DELIVERY rider=D2
2026-08-07T21:19 ORD-00010 OUT_FOR_DELIVERY -> DELIVERED rider=D2
2026-08-08T13:45 ORD-00011 NEW -> PLACED
2026-08-08T13:48 ORD-00011 PLACED -> ACCEPTED
2026-08-08T13:48 ORD-00011 ACCEPTED -> PREPARING
2026-08-08T14:07 ORD-00011 PREPARING -> READY
2026-08-08T14:07 ORD-00011 READY -> ASSIGNED rider=D5
2026-08-08T14:12 ORD-00011 ASSIGNED -> OUT_FOR_DELIVERY rider=D5
2026-08-08T14:46 ORD-00011 OUT_FOR_DELIVERY -> DELIVERED rider=D5
2026-08-09T14:01 ORD-00012 NEW -> PLACED
2026-08-09T14:04 ORD-00012 PLACED -> ACCEPTED
2026-08-09T14:04 ORD-00012 ACCEPTED -> PREPARING
2026-08-09T14:30 ORD-00012 PREPARING -> READY
2026-08-09T14:30 ORD-00012 READY -> ASSIGNED rider=D3
2026-08-09T14:35 ORD-00012 ASSIGNED -> OUT_FOR_DELIVERY rider=D3
2026-08-09T14:53 ORD-00012 OUT_FOR_DELIVERY -> DELIVERED rider=D3
2026-08-10T19:44 ORD-00013 NEW -> PLACED
2026-08-10T19:47 ORD-00013 PLACED -> ACCEPTED
2026-08-10T19:47 ORD-00013 ACCEPTED -> PREPARING
2026-08-10T20:16 ORD-00013 PREPARING -> READY
2026-08-10T20:16 ORD-00013 READY -> ASSIGNED rider=D1
2026-08-10T20:21 ORD-00013 ASSIGNED -> OUT_FOR_DELIVERY rider=D1
2026-08-10T20:48 ORD-00013 OUT_FOR_DELIVERY -> DELIVERED rider=D1
2026-08-10T20:59 ORD-00014 NEW -> PLACED
2026-08-10T21:02 ORD-00014 PLACED -> ACCEPTED
2026-08-10T21:02 ORD-00014 ACCEPTED -> PREPARING
2026-08-10T21:19 ORD-00014 PREPARING -> READY
2026-08-10T21:19 ORD-00014 READY -> ASSIGNED rider=D1
2026-08-10T21:26 ORD-00014 ASSIGNED -> OUT_FOR_DELIVERY rider=D1
2026-08-10T21:58 ORD-00014 OUT_FOR_DELIVERY -> DELIVERED rider=D1
2026-08-11T20:55 ORD-00015 NEW -> PLACED
2026-08-11T20:58 ORD-00015 PLACED -> ACCEPTED
2026-08-11T20:58 ORD-00015 ACCEPTED -> PREPARING
2026-08-11T21:13 ORD-00015 PREPARING -> READY
2026-08-11T21:13 ORD-00015 READY -> ASSIGNED rider=D5
2026-08-11T21:22 ORD-00015 ASSIGNED -> OUT_FOR_DELIVERY rider=D5
2026-08-11T21:50 ORD-00015 OUT_FOR_DELIVERY -> DELIVERED rider=D5
2026-08-12T21:20 ORD-00016 NEW -> PLACED
2026-08-12T21:23 ORD-00016 PLACED -> ACCEPTED
2026-08-12T21:23 ORD-00016 ACCEPTED -> PREPARING
2026-08-12T21:48 ORD-00016 PREPARING -> READY
2026-08-12T21:48 ORD-00016 READY -> ASSIGNED rider=D3
2026-08-12T21:56 ORD-00016 ASSIGNED -> OUT_FOR_DELIVERY rider=D3
2026-08-12T22:29 ORD-00016 OUT_FOR_DELIVERY -> DELIVERED rider=D3
2026-08-12T21:10 ORD-00017 NEW -> PLACED
2026-08-12T21:13 ORD-00017 PLACED -> ACCEPTED
2026-08-12T21:13 ORD-00017 ACCEPTED -> PREPARING
2026-08-12T21:37 ORD-00017 PREPARING -> READY
2026-08-12T21:37 ORD-00017 READY -> ASSIGNED rider=D4
2026-08-12T21:44 ORD-00017 ASSIGNED -> OUT_FOR_DELIVERY rider=D4
2026-08-12T22:20 ORD-00017 OUT_FOR_DELIVERY -> DELIVERED rider=D4
2026-08-13T22:28 ORD-00018 NEW -> PLACED
2026-08-13T22:31 ORD-00018 PLACED -> ACCEPTED
2026-08-13T22:31 ORD-00018 ACCEPTED -> PREPARING
2026-08-13T22:50 ORD-00018 PREPARING -> READY
2026-08-13T22:50 ORD-00018 READY -> ASSIGNED rider=D2
2026-08-13T22:55 ORD-00018 ASSIGNED -> OUT_FOR_DELIVERY rider=D2
2026-08-13T23:27 ORD-00018 OUT_FOR_DELIVERY -> DELIVERED rider=D2
2026-08-13T15:25 ORD-00019 NEW -> PLACED
2026-08-13T15:28 ORD-00019 PLACED -> ACCEPTED
2026-08-13T15:28 ORD-00019 ACCEPTED -> PREPARING
2026-08-13T15:46 ORD-00019 PREPARING -> READY
2026-08-13T15:46 ORD-00019 READY -> ASSIGNED rider=D1
2026-08-13T15:53 ORD-00019 ASSIGNED -> OUT_FOR_DELIVERY rider=D1
2026-08-13T16:29 ORD-00019 OUT_FOR_DELIVERY -> DELIVERED rider=D1
2026-08-14T20:00 ORD-00020 NEW -> PLACED
2026-08-14T20:03 ORD-00020 PLACED -> ACCEPTED
2026-08-14T20:03 ORD-00020 ACCEPTED -> PREPARING
2026-08-14T20:22 ORD-00020 PREPARING -> READY
2026-08-14T20:22 ORD-00020 READY -> ASSIGNED rider=D2
2026-08-14T20:28 ORD-00020 ASSIGNED -> OUT_FOR_DELIVERY rider=D2
2026-08-14T20:42 ORD-00020 OUT_FOR_DELIVERY -> DELIVERED rider=D2
2026-08-15T13:00 ORD-00021 NEW -> PLACED
2026-08-15T13:03 ORD-00021 PLACED -> ACCEPTED
2026-08-15T13:03 ORD-00021 ACCEPTED -> PREPARING
2026-08-15T13:27 ORD-00021 PREPARING -> READY
2026-08-15T13:27 ORD-00021 READY -> ASSIGNED rider=D2
2026-08-15T13:36 ORD-00021 ASSIGNED -> OUT_FOR_DELIVERY rider=D2
2026-08-15T13:52 ORD-00021 OUT_FOR_DELIVERY -> DELIVERED rider=D2
2026-08-16T14:27 ORD-00022 NEW -> PLACED
2026-08-16T14:30 ORD-00022 PLACED -> ACCEPTED
2026-08-16T14:30 ORD-00022 ACCEPTED -> PREPARING
2026-08-16T14:52 ORD-00022 PREPARING -> READY
2026-08-16T14:52 ORD-00022 READY -> ASSIGNED rider=D2
2026-08-16T14:59 ORD-00022 ASSIGNED -> OUT_FOR_DELIVERY rider=D2
2026-08-16T15:28 ORD-00022 OUT_FOR_DELIVERY -> DELIVERED rider=D2
2026-08-16T19:28 ORD-00023 NEW -> PLACED
2026-08-16T19:31 ORD-00023 PLACED -> ACCEPTED
2026-08-16T19:31 ORD-00023 ACCEPTED -> PREPARING
2026-08-16T19:52 ORD-00023 PREPARING -> READY
2026-08-16T19:52 ORD-00023 READY -> ASSIGNED rider=D2
2026-08-16T19:59 ORD-00023 ASSIGNED -> OUT_FOR_DELIVERY rider=D2
2026-08-16T20:21 ORD-00023 OUT_FOR_DELIVERY -> DELIVERED rider=D2
2026-08-17T20:10 ORD-00024 NEW -> PLACED
2026-08-17T20:13 ORD-00024 PLACED -> ACCEPTED
2026-08-17T20:13 ORD-00024 ACCEPTED -> PREPARING
2026-08-17T20:32 ORD-00024 PREPARING -> READY
2026-08-17T20:32 ORD-00024 READY -> ASSIGNED rider=D5
2026-08-17T20:40 ORD-00024 ASSIGNED -> OUT_FOR_DELIVERY rider=D5
2026-08-17T20:57 ORD-00024 OUT_FOR_DELIVERY -> DELIVERED rider=D5
2026-08-17T20:02 ORD-00025 NEW -> PLACED
2026-08-17T20:05 ORD-00025 PLACED -> ACCEPTED
2026-08-17T20:05 ORD-00025 ACCEPTED -> PREPARING
2026-08-17T20:32 ORD-00025 PREPARING -> READY
2026-08-17T20:32 ORD-00025 READY -> ASSIGNED rider=D4
2026-08-17T20:38 ORD-00025 ASSIGNED -> OUT_FOR_DELIVERY rider=D4
2026-08-17T20:50 ORD-00025 OUT_FOR_DELIVERY -> DELIVERED rider=D4
2026-08-18T21:15 ORD-00026 NEW -> PLACED
2026-08-18T21:18 ORD-00026 PLACED -> ACCEPTED
2026-08-18T21:18 ORD-00026 ACCEPTED -> PREPARING
2026-08-18T21:47 ORD-00026 PREPARING -> READY
2026-08-18T21:47 ORD-00026 READY -> ASSIGNED rider=D3
2026-08-18T21:52 ORD-00026 ASSIGNED -> OUT_FOR_DELIVERY rider=D3
2026-08-18T22:24 ORD-00026 OUT_FOR_DELIVERY -> DELIVERED rider=D3
2026-08-19T21:44 ORD-00027 NEW -> PLACED
2026-08-19T21:47 ORD-00027 PLACED -> ACCEPTED
2026-08-19T21:47 ORD-00027 ACCEPTED -> PREPARING
2026-08-19T22:08 ORD-00027 PREPARING -> READY
2026-08-19T22:08 ORD-00027 READY -> ASSIGNED rider=D2
2026-08-19T22:17 ORD-00027 ASSIGNED -> OUT_FOR_DELIVERY rider=D2
2026-08-19T22:41 ORD-00027 OUT_FOR_DELIVERY -> DELIVERED rider=D2
2026-08-19T22:44 ORD-00028 NEW -> PLACED
2026-08-19T22:47 ORD-00028 PLACED -> ACCEPTED
2026-08-19T22:47 ORD-00028 ACCEPTED -> PREPARING
2026-08-19T23:03 ORD-00028 PREPARING -> READY
2026-08-19T23:03 ORD-00028 READY -> ASSIGNED rider=D1
2026-08-19T23:09 ORD-00028 ASSIGNED -> OUT_FOR_DELIVERY rider=D1
2026-08-19T23:43 ORD-00028 OUT_FOR_DELIVERY -> DELIVERED rider=D1
2026-08-20T15:44 ORD-00029 NEW -> PLACED
2026-08-20T15:47 ORD-00029 PLACED -> ACCEPTED
2026-08-20T15:47 ORD-00029 ACCEPTED -> PREPARING
2026-08-20T16:13 ORD-00029 PREPARING -> READY
2026-08-20T16:13 ORD-00029 READY -> ASSIGNED rider=D5
2026-08-20T16:19 ORD-00029 ASSIGNED -> OUT_FOR_DELIVERY rider=D5
2026-08-20T16:34 ORD-00029 OUT_FOR_DELIVERY -> DELIVERED rider=D5
2026-08-21T20:45 ORD-00030 NEW -> PLACED
2026-08-21T20:48 ORD-00030 PLACED -> ACCEPTED
2026-08-21T20:48 ORD-00030 ACCEPTED -> PREPARING
2026-08-21T21:15 ORD-00030 PREPARING -> READY
2026-08-21T21:15 ORD-00030 READY -> ASSIGNED rider=D3
2026-08-21T21:21 ORD-00030 ASSIGNED -> OUT_FOR_DELIVERY rider=D3
2026-08-21T21:44 ORD-00030 OUT_FOR_DELIVERY -> DELIVERED rider=D3
2026-08-22T13:46 ORD-00031 NEW -> PLACED
2026-08-22T13:49 ORD-00031 PLACED -> ACCEPTED
2026-08-22T13:49 ORD-00031 ACCEPTED -> PREPARING
2026-08-22T14:13 ORD-00031 PREPARING -> READY
2026-08-22T14:13 ORD-00031 READY -> ASSIGNED rider=D2
2026-08-22T14:18 ORD-00031 ASSIGNED -> OUT_FOR_DELIVERY rider=D2
2026-08-22T14:53 ORD-00031 OUT_FOR_DELIVERY -> DELIVERED rider=D2
2026-08-22T14:49 ORD-00032 NEW -> PLACED
2026-08-22T14:52 ORD-00032 PLACED -> ACCEPTED
2026-08-22T14:52 ORD-00032 ACCEPTED -> PREPARING
2026-08-22T15:19 ORD-00032 PREPARING -> READY
2026-08-22T15:19 ORD-00032 READY -> ASSIGNED rider=D2
2026-08-22T15:28 ORD-00032 ASSIGNED -> OUT_FOR_DELIVERY rider=D2
2026-08-22T16:01 ORD-00032 OUT_FOR_DELIVERY -> DELIVERED rider=D2
2026-08-23T19:37 ORD-00033 NEW -> PLACED
2026-08-23T19:40 ORD-00033 PLACED -> ACCEPTED
2026-08-23T19:40 ORD-00033 ACCEPTED -> PREPARING
2026-08-23T20:05 ORD-00033 PREPARING -> READY
2026-08-23T20:05 ORD-00033 READY -> ASSIGNED rider=D5
2026-08-23T20:11 ORD-00033 ASSIGNED -> OUT_FOR_DELIVERY rider=D5
2026-08-23T20:46 ORD-00033 OUT_FOR_DELIVERY -> DELIVERED rider=D5
2026-08-24T20:04 ORD-00034 NEW -> PLACED
2026-08-24T20:07 ORD-00034 PLACED -> ACCEPTED
2026-08-24T20:07 ORD-00034 ACCEPTED -> PREPARING
2026-08-24T20:34 ORD-00034 PREPARING -> READY
2026-08-24T20:34 ORD-00034 READY -> ASSIGNED rider=D3
2026-08-24T20:43 ORD-00034 ASSIGNED -> OUT_FOR_DELIVERY rider=D3
2026-08-24T21:04 ORD-00034 OUT_FOR_DELIVERY -> DELIVERED rider=D3
2026-08-25T20:51 ORD-00035 NEW -> PLACED
2026-08-25T20:54 ORD-00035 PLACED -> ACCEPTED
2026-08-25T20:54 ORD-00035 ACCEPTED -> PREPARING
2026-08-25T21:15 ORD-00035 PREPARING -> READY
2026-08-25T21:15 ORD-00035 READY -> ASSIGNED rider=D1
2026-08-25T21:23 ORD-00035 ASSIGNED -> OUT_FOR_DELIVERY rider=D1
2026-08-25T21:53 ORD-00035 OUT_FOR_DELIVERY -> DELIVERED rider=D1
2026-08-25T21:27 ORD-00036 NEW -> PLACED
2026-08-25T21:30 ORD-00036 PLACED -> ACCEPTED
2026-08-25T21:30 ORD-00036 ACCEPTED -> PREPARING
2026-08-25T21:56 ORD-00036 PREPARING -> READY
2026-08-25T21:56 ORD-00036 READY -> ASSIGNED rider=D2
2026-08-25T22:05 ORD-00036 ASSIGNED -> OUT_FOR_DELIVERY rider=D2
2026-08-25T22:36 ORD-00036 OUT_FOR_DELIVERY -> DELIVERED rider=D2
2026-08-26T21:15 ORD-00037 NEW -> PLACED
2026-08-26T21:18 ORD-00037 PLACED -> ACCEPTED
2026-08-26T21:18 ORD-00037 ACCEPTED -> PREPARING
2026-08-26T21:35 ORD-00037 PREPARING -> READY
2026-08-26T21:35 ORD-00037 READY -> ASSIGNED rider=D5
2026-08-26T21:44 ORD-00037 ASSIGNED -> OUT_FOR_DELIVERY rider=D5
2026-08-26T22:17 ORD-00037 OUT_FOR_DELIVERY -> DELIVERED rider=D5
2026-08-27T22:20 ORD-00038 NEW -> PLACED
2026-08-27T22:23 ORD-00038 PLACED -> ACCEPTED
2026-08-27T22:23 ORD-00038 ACCEPTED -> PREPARING
2026-08-27T22:46 ORD-00038 PREPARING -> READY
2026-08-27T22:46 ORD-00038 READY -> ASSIGNED rider=D3
2026-08-27T22:56 ORD-00038 ASSIGNED -> OUT_FOR_DELIVERY rider=D3
2026-08-27T23:11 ORD-00038 OUT_FOR_DELIVERY -> DELIVERED rider=D3
2026-08-28T15:29 ORD-00039 NEW -> PLACED
2026-08-28T15:32 ORD-00039 PLACED -> ACCEPTED
2026-08-28T15:32 ORD-00039 ACCEPTED -> PREPARING
2026-08-28T15:50 ORD-00039 PREPARING -> READY
2026-08-28T15:50 ORD-00039 READY -> ASSIGNED rider=D1
2026-08-28T16:00 ORD-00039 ASSIGNED -> OUT_FOR_DELIVERY rider=D1
2026-08-28T16:33 ORD-00039 OUT_FOR_DELIVERY -> DELIVERED rider=D1
2026-08-28T20:07 ORD-00040 NEW -> PLACED
2026-08-28T20:10 ORD-00040 PLACED -> ACCEPTED
2026-08-28T20:10 ORD-00040 ACCEPTED -> PREPARING
2026-08-28T20:33 ORD-00040 PREPARING -> READY
2026-08-28T20:33 ORD-00040 READY -> ASSIGNED rider=D1
2026-08-28T20:38 ORD-00040 ASSIGNED -> OUT_FOR_DELIVERY rider=D1
2026-08-28T20:59 ORD-00040 OUT_FOR_DELIVERY -> DELIVERED rider=D1
2026-08-29T13:06 ORD-00041 NEW -> PLACED
2026-08-29T13:09 ORD-00041 PLACED -> ACCEPTED
2026-08-29T13:09 ORD-00041 ACCEPTED -> PREPARING
2026-08-29T13:38 ORD-00041 PREPARING -> READY
2026-08-29T13:38 ORD-00041 READY -> ASSIGNED rider=D5
2026-08-29T13:46 ORD-00041 ASSIGNED -> OUT_FOR_DELIVERY rider=D5
2026-08-29T14:11 ORD-00041 OUT_FOR_DELIVERY -> DELIVERED rider=D5
2026-08-30T14:38 ORD-00042 NEW -> PLACED
2026-08-30T14:41 ORD-00042 PLACED -> ACCEPTED
2026-08-30T14:41 ORD-00042 ACCEPTED -> PREPARING
2026-08-30T15:09 ORD-00042 PREPARING -> READY
2026-08-30T15:09 ORD-00042 READY -> ASSIGNED rider=D3
2026-08-30T15:19 ORD-00042 ASSIGNED -> OUT_FOR_DELIVERY rider=D3
2026-08-30T15:42 ORD-00042 OUT_FOR_DELIVERY -> DELIVERED rider=D3
2026-08-31T19:41 ORD-00043 NEW -> PLACED
2026-08-31T19:44 ORD-00043 PLACED -> ACCEPTED
2026-08-31T19:44 ORD-00043 ACCEPTED -> PREPARING
2026-08-31T19:59 ORD-00043 PREPARING -> READY
2026-08-31T19:59 ORD-00043 READY -> ASSIGNED rider=D2
2026-08-31T20:06 ORD-00043 ASSIGNED -> OUT_FOR_DELIVERY rider=D2
2026-08-31T20:39 ORD-00043 OUT_FOR_DELIVERY -> DELIVERED rider=D2
2026-09-03T20:44 ORD-00044 NEW -> PLACED
2026-09-03T20:47 ORD-00044 PLACED -> ACCEPTED
2026-09-03T20:47 ORD-00044 ACCEPTED -> PREPARING
2026-09-03T21:03 ORD-00044 PREPARING -> READY
2026-09-03T21:03 ORD-00044 READY -> ASSIGNED rider=D1
2026-09-03T21:12 ORD-00044 ASSIGNED -> OUT_FOR_DELIVERY rider=D1
2026-09-03T21:31 ORD-00044 OUT_FOR_DELIVERY -> DELIVERED rider=D1
2026-09-06T20:04 ORD-00045 NEW -> PLACED
2026-09-06T20:07 ORD-00045 PLACED -> ACCEPTED
2026-09-06T20:07 ORD-00045 ACCEPTED -> PREPARING
2026-09-06T20:29 ORD-00045 PREPARING -> READY
2026-09-06T20:29 ORD-00045 READY -> ASSIGNED rider=D2
2026-09-06T20:34 ORD-00045 ASSIGNED -> OUT_FOR_DELIVERY rider=D2
2026-09-06T20:52 ORD-00045 OUT_FOR_DELIVERY -> DELIVERED rider=D2
2026-09-06T21:36 ORD-00046 NEW -> PLACED
2026-09-06T21:39 ORD-00046 PLACED -> ACCEPTED
2026-09-06T21:39 ORD-00046 ACCEPTED -> PREPARING
2026-09-06T22:01 ORD-00046 PREPARING -> READY
2026-09-06T22:01 ORD-00046 READY -> ASSIGNED rider=D4
2026-09-06T22:09 ORD-00046 ASSIGNED -> OUT_FOR_DELIVERY rider=D4
2026-09-06T22:37 ORD-00046 OUT_FOR_DELIVERY -> DELIVERED rider=D4
2026-09-09T21:49 ORD-00047 NEW -> PLACED
2026-09-09T21:52 ORD-00047 PLACED -> ACCEPTED
2026-09-09T21:52 ORD-00047 ACCEPTED -> PREPARING
2026-09-09T22:18 ORD-00047 PREPARING -> READY
2026-09-09T22:18 ORD-00047 READY -> ASSIGNED rider=D1
2026-09-09T22:27 ORD-00047 ASSIGNED -> OUT_FOR_DELIVERY rider=D1
2026-09-09T22:53 ORD-00047 OUT_FOR_DELIVERY -> DELIVERED rider=D1
2026-09-14T22:27 ORD-00048 NEW -> PLACED
2026-09-14T22:30 ORD-00048 PLACED -> ACCEPTED
2026-09-14T22:30 ORD-00048 ACCEPTED -> PREPARING
2026-09-14T22:46 ORD-00048 PREPARING -> READY
2026-09-14T22:46 ORD-00048 READY -> ASSIGNED rider=D4
2026-09-14T22:55 ORD-00048 ASSIGNED -> OUT_FOR_DELIVERY rider=D4
2026-09-14T23:15 ORD-00048 OUT_FOR_DELIVERY -> DELIVERED rider=D4
2026-09-20T15:28 ORD-00049 NEW -> PLACED
2026-09-20T15:31 ORD-00049 PLACED -> ACCEPTED
2026-09-20T15:31 ORD-00049 ACCEPTED -> PREPARING
2026-09-20T15:48 ORD-00049 PREPARING -> READY
2026-09-20T15:48 ORD-00049 READY -> ASSIGNED rider=D2
2026-09-20T15:55 ORD-00049 ASSIGNED -> OUT_FOR_DELIVERY rider=D2
2026-09-20T16:20 ORD-00049 OUT_FOR_DELIVERY -> DELIVERED rider=D2
2026-08-15T21:24:17.899135800 ORD-00050 NEW -> PLACED
2026-08-15T21:24:17.899135800 ORD-00050 PLACED -> CANCELLED
2026-09-26T21:24:18.690685800 ORD-00051 NEW -> PLACED
2026-09-26T21:24:18.693678800 ORD-00052 NEW -> PLACED
2026-09-26T21:24:18.694675800 ORD-00052 PLACED -> ACCEPTED
2026-09-26T21:24:18.696669600 ORD-00052 ACCEPTED -> PREPARING
2026-09-26T21:24:18.699395900 ORD-00053 NEW -> PLACED
2026-09-26T21:24:18.701067 ORD-00053 PLACED -> ACCEPTED
2026-09-26T21:24:18.702335600 ORD-00053 ACCEPTED -> PREPARING
2026-09-26T21:24:18.704338 ORD-00053 PREPARING -> READY
2026-07-30T13:59 ORD-00001 NEW -> PLACED
2026-07-30T14:02 ORD-00001 PLACED -> ACCEPTED
2026-07-30T14:02 ORD-00001 ACCEPTED -> PREPARING
2026-07-30T14:26 ORD-00001 PREPARING -> READY
2026-07-30T14:26 ORD-00001 READY -> ASSIGNED rider=D1
2026-07-30T14:35 ORD-00001 ASSIGNED -> OUT_FOR_DELIVERY rider=D1
2026-07-30T15:10 ORD-00001 OUT_FOR_DELIVERY -> DELIVERED rider=D1
2026-07-31T14:16 ORD-00002 NEW -> PLACED
2026-07-31T14:19 ORD-00002 PLACED -> ACCEPTED
2026-07-31T14:19 ORD-00002 ACCEPTED -> PREPARING
2026-07-31T14:34 ORD-00002 PREPARING -> READY
2026-07-31T14:34 ORD-00002 READY -> ASSIGNED rider=D5
2026-07-31T14:39 ORD-00002 ASSIGNED -> OUT_FOR_DELIVERY rider=D5
2026-07-31T15:15 ORD-00002 OUT_FOR_DELIVERY -> DELIVERED rider=D5
2026-08-01T19:30 ORD-00003 NEW -> PLACED
2026-08-01T19:33 ORD-00003 PLACED -> ACCEPTED
2026-08-01T19:33 ORD-00003 ACCEPTED -> PREPARING
2026-08-01T19:55 ORD-00003 PREPARING -> READY
2026-08-01T19:55 ORD-00003 READY -> ASSIGNED rider=D1
2026-08-01T20:01 ORD-00003 ASSIGNED -> OUT_FOR_DELIVERY rider=D1
2026-08-01T20:14 ORD-00003 OUT_FOR_DELIVERY -> DELIVERED rider=D1
2026-08-02T20:48 ORD-00004 NEW -> PLACED
2026-08-02T20:51 ORD-00004 PLACED -> ACCEPTED
2026-08-02T20:51 ORD-00004 ACCEPTED -> PREPARING
2026-08-02T21:06 ORD-00004 PREPARING -> READY
2026-08-02T21:06 ORD-00004 READY -> ASSIGNED rider=D3
2026-08-02T21:14 ORD-00004 ASSIGNED -> OUT_FOR_DELIVERY rider=D3
2026-08-02T21:32 ORD-00004 OUT_FOR_DELIVERY -> DELIVERED rider=D3
2026-08-03T20:20 ORD-00005 NEW -> PLACED
2026-08-03T20:23 ORD-00005 PLACED -> ACCEPTED
2026-08-03T20:23 ORD-00005 ACCEPTED -> PREPARING
2026-08-03T20:50 ORD-00005 PREPARING -> READY
2026-08-03T20:50 ORD-00005 READY -> ASSIGNED rider=D3
2026-08-03T20:58 ORD-00005 ASSIGNED -> OUT_FOR_DELIVERY rider=D3
2026-08-03T21:22 ORD-00005 OUT_FOR_DELIVERY -> DELIVERED rider=D3
2026-08-04T21:46 ORD-00006 NEW -> PLACED
2026-08-04T21:49 ORD-00006 PLACED -> ACCEPTED
2026-08-04T21:49 ORD-00006 ACCEPTED -> PREPARING
2026-08-04T22:05 ORD-00006 PREPARING -> READY
2026-08-04T22:05 ORD-00006 READY -> ASSIGNED rider=D1
2026-08-04T22:13 ORD-00006 ASSIGNED -> OUT_FOR_DELIVERY rider=D1
2026-08-04T22:28 ORD-00006 OUT_FOR_DELIVERY -> DELIVERED rider=D1
2026-08-05T21:36 ORD-00007 NEW -> PLACED
2026-08-05T21:39 ORD-00007 PLACED -> ACCEPTED
2026-08-05T21:39 ORD-00007 ACCEPTED -> PREPARING
2026-08-05T22:03 ORD-00007 PREPARING -> READY
2026-08-05T22:03 ORD-00007 READY -> ASSIGNED rider=D5
2026-08-05T22:08 ORD-00007 ASSIGNED -> OUT_FOR_DELIVERY rider=D5
2026-08-05T22:35 ORD-00007 OUT_FOR_DELIVERY -> DELIVERED rider=D5
2026-08-06T22:30 ORD-00008 NEW -> PLACED
2026-08-06T22:33 ORD-00008 PLACED -> ACCEPTED
2026-08-06T22:33 ORD-00008 ACCEPTED -> PREPARING
2026-08-06T22:51 ORD-00008 PREPARING -> READY
2026-08-06T22:51 ORD-00008 READY -> ASSIGNED rider=D3
2026-08-06T22:59 ORD-00008 ASSIGNED -> OUT_FOR_DELIVERY rider=D3
2026-08-06T23:29 ORD-00008 OUT_FOR_DELIVERY -> DELIVERED rider=D3
2026-08-07T15:31 ORD-00009 NEW -> PLACED
2026-08-07T15:34 ORD-00009 PLACED -> ACCEPTED
2026-08-07T15:34 ORD-00009 ACCEPTED -> PREPARING
2026-08-07T15:56 ORD-00009 PREPARING -> READY
2026-08-07T15:56 ORD-00009 READY -> ASSIGNED rider=D1
2026-08-07T16:03 ORD-00009 ASSIGNED -> OUT_FOR_DELIVERY rider=D1
2026-08-07T16:33 ORD-00009 OUT_FOR_DELIVERY -> DELIVERED rider=D1
2026-08-07T20:30 ORD-00010 NEW -> PLACED
2026-08-07T20:33 ORD-00010 PLACED -> ACCEPTED
2026-08-07T20:33 ORD-00010 ACCEPTED -> PREPARING
2026-08-07T20:52 ORD-00010 PREPARING -> READY
2026-08-07T20:52 ORD-00010 READY -> ASSIGNED rider=D2
2026-08-07T20:58 ORD-00010 ASSIGNED -> OUT_FOR_DELIVERY rider=D2
2026-08-07T21:19 ORD-00010 OUT_FOR_DELIVERY -> DELIVERED rider=D2
2026-08-08T13:45 ORD-00011 NEW -> PLACED
2026-08-08T13:48 ORD-00011 PLACED -> ACCEPTED
2026-08-08T13:48 ORD-00011 ACCEPTED -> PREPARING
2026-08-08T14:07 ORD-00011 PREPARING -> READY
2026-08-08T14:07 ORD-00011 READY -> ASSIGNED rider=D5
2026-08-08T14:12 ORD-00011 ASSIGNED -> OUT_FOR_DELIVERY rider=D5
2026-08-08T14:46 ORD-00011 OUT_FOR_DELIVERY -> DELIVERED rider=D5
2026-08-09T14:01 ORD-00012 NEW -> PLACED
2026-08-09T14:04 ORD-00012 PLACED -> ACCEPTED
2026-08-09T14:04 ORD-00012 ACCEPTED -> PREPARING
2026-08-09T14:30 ORD-00012 PREPARING -> READY
2026-08-09T14:30 ORD-00012 READY -> ASSIGNED rider=D3
2026-08-09T14:35 ORD-00012 ASSIGNED -> OUT_FOR_DELIVERY rider=D3
2026-08-09T14:53 ORD-00012 OUT_FOR_DELIVERY -> DELIVERED rider=D3
2026-08-10T19:44 ORD-00013 NEW -> PLACED
2026-08-10T19:47 ORD-00013 PLACED -> ACCEPTED
2026-08-10T19:47 ORD-00013 ACCEPTED -> PREPARING
2026-08-10T20:16 ORD-00013 PREPARING -> READY
2026-08-10T20:16 ORD-00013 READY -> ASSIGNED rider=D1
2026-08-10T20:21 ORD-00013 ASSIGNED -> OUT_FOR_DELIVERY rider=D1
2026-08-10T20:48 ORD-00013 OUT_FOR_DELIVERY -> DELIVERED rider=D1
2026-08-10T20:59 ORD-00014 NEW -> PLACED
2026-08-10T21:02 ORD-00014 PLACED -> ACCEPTED
2026-08-10T21:02 ORD-00014 ACCEPTED -> PREPARING
2026-08-10T21:19 ORD-00014 PREPARING -> READY
2026-08-10T21:19 ORD-00014 READY -> ASSIGNED rider=D1
2026-08-10T21:26 ORD-00014 ASSIGNED -> OUT_FOR_DELIVERY rider=D1
2026-08-10T21:58 ORD-00014 OUT_FOR_DELIVERY -> DELIVERED rider=D1
2026-08-11T20:55 ORD-00015 NEW -> PLACED
2026-08-11T20:58 ORD-00015 PLACED -> ACCEPTED
2026-08-11T20:58 ORD-00015 ACCEPTED -> PREPARING
2026-08-11T21:13 ORD-00015 PREPARING -> READY
2026-08-11T21:13 ORD-00015 READY -> ASSIGNED rider=D5
2026-08-11T21:22 ORD-00015 ASSIGNED -> OUT_FOR_DELIVERY rider=D5
2026-08-11T21:50 ORD-00015 OUT_FOR_DELIVERY -> DELIVERED rider=D5
2026-08-12T21:20 ORD-00016 NEW -> PLACED
2026-08-12T21:23 ORD-00016 PLACED -> ACCEPTED
2026-08-12T21:23 ORD-00016 ACCEPTED -> PREPARING
2026-08-12T21:48 ORD-00016 PREPARING -> READY
2026-08-12T21:48 ORD-00016 READY -> ASSIGNED rider=D3
2026-08-12T21:56 ORD-00016 ASSIGNED -> OUT_FOR_DELIVERY rider=D3
2026-08-12T22:29 ORD-00016 OUT_FOR_DELIVERY -> DELIVERED rider=D3
2026-08-12T21:10 ORD-00017 NEW -> PLACED
2026-08-12T21:13 ORD-00017 PLACED -> ACCEPTED
2026-08-12T21:13 ORD-00017 ACCEPTED -> PREPARING
2026-08-12T21:37 ORD-00017 PREPARING -> READY
2026-08-12T21:37 ORD-00017 READY -> ASSIGNED rider=D4
2026-08-12T21:44 ORD-00017 ASSIGNED -> OUT_FOR_DELIVERY rider=D4
2026-08-12T22:20 ORD-00017 OUT_FOR_DELIVERY -> DELIVERED rider=D4
2026-08-13T22:28 ORD-00018 NEW -> PLACED
2026-08-13T22:31 ORD-00018 PLACED -> ACCEPTED
2026-08-13T22:31 ORD-00018 ACCEPTED -> PREPARING
2026-08-13T22:50 ORD-00018 PREPARING -> READY
2026-08-13T22:50 ORD-00018 READY -> ASSIGNED rider=D2
2026-08-13T22:55 ORD-00018 ASSIGNED -> OUT_FOR_DELIVERY rider=D2
2026-08-13T23:27 ORD-00018 OUT_FOR_DELIVERY -> DELIVERED rider=D2
2026-08-13T15:25 ORD-00019 NEW -> PLACED
2026-08-13T15:28 ORD-00019 PLACED -> ACCEPTED
2026-08-13T15:28 ORD-00019 ACCEPTED -> PREPARING
2026-08-13T15:46 ORD-00019 PREPARING -> READY
2026-08-13T15:46 ORD-00019 READY -> ASSIGNED rider=D1
2026-08-13T15:53 ORD-00019 ASSIGNED -> OUT_FOR_DELIVERY rider=D1
2026-08-13T16:29 ORD-00019 OUT_FOR_DELIVERY -> DELIVERED rider=D1
2026-08-14T20:00 ORD-00020 NEW -> PLACED
2026-08-14T20:03 ORD-00020 PLACED -> ACCEPTED
2026-08-14T20:03 ORD-00020 ACCEPTED -> PREPARING
2026-08-14T20:22 ORD-00020 PREPARING -> READY
2026-08-14T20:22 ORD-00020 READY -> ASSIGNED rider=D2
2026-08-14T20:28 ORD-00020 ASSIGNED -> OUT_FOR_DELIVERY rider=D2
2026-08-14T20:42 ORD-00020 OUT_FOR_DELIVERY -> DELIVERED rider=D2
2026-08-15T13:00 ORD-00021 NEW -> PLACED
2026-08-15T13:03 ORD-00021 PLACED -> ACCEPTED
2026-08-15T13:03 ORD-00021 ACCEPTED -> PREPARING
2026-08-15T13:27 ORD-00021 PREPARING -> READY
2026-08-15T13:27 ORD-00021 READY -> ASSIGNED rider=D2
2026-08-15T13:36 ORD-00021 ASSIGNED -> OUT_FOR_DELIVERY rider=D2
2026-08-15T13:52 ORD-00021 OUT_FOR_DELIVERY -> DELIVERED rider=D2
2026-08-16T14:27 ORD-00022 NEW -> PLACED
2026-08-16T14:30 ORD-00022 PLACED -> ACCEPTED
2026-08-16T14:30 ORD-00022 ACCEPTED -> PREPARING
2026-08-16T14:52 ORD-00022 PREPARING -> READY
2026-08-16T14:52 ORD-00022 READY -> ASSIGNED rider=D2
2026-08-16T14:59 ORD-00022 ASSIGNED -> OUT_FOR_DELIVERY rider=D2
2026-08-16T15:28 ORD-00022 OUT_FOR_DELIVERY -> DELIVERED rider=D2
2026-08-16T19:28 ORD-00023 NEW -> PLACED
2026-08-16T19:31 ORD-00023 PLACED -> ACCEPTED
2026-08-16T19:31 ORD-00023 ACCEPTED -> PREPARING
2026-08-16T19:52 ORD-00023 PREPARING -> READY
2026-08-16T19:52 ORD-00023 READY -> ASSIGNED rider=D2
2026-08-16T19:59 ORD-00023 ASSIGNED -> OUT_FOR_DELIVERY rider=D2
2026-08-16T20:21 ORD-00023 OUT_FOR_DELIVERY -> DELIVERED rider=D2
2026-08-17T20:10 ORD-00024 NEW -> PLACED
2026-08-17T20:13 ORD-00024 PLACED -> ACCEPTED
2026-08-17T20:13 ORD-00024 ACCEPTED -> PREPARING
2026-08-17T20:32 ORD-00024 PREPARING -> READY
2026-08-17T20:32 ORD-00024 READY -> ASSIGNED rider=D5
2026-08-17T20:40 ORD-00024 ASSIGNED -> OUT_FOR_DELIVERY rider=D5
2026-08-17T20:57 ORD-00024 OUT_FOR_DELIVERY -> DELIVERED rider=D5
2026-08-17T20:02 ORD-00025 NEW -> PLACED
2026-08-17T20:05 ORD-00025 PLACED -> ACCEPTED
2026-08-17T20:05 ORD-00025 ACCEPTED -> PREPARING
2026-08-17T20:32 ORD-00025 PREPARING -> READY
2026-08-17T20:32 ORD-00025 READY -> ASSIGNED rider=D4
2026-08-17T20:38 ORD-00025 ASSIGNED -> OUT_FOR_DELIVERY rider=D4
2026-08-17T20:50 ORD-00025 OUT_FOR_DELIVERY -> DELIVERED rider=D4
2026-08-18T21:15 ORD-00026 NEW -> PLACED
2026-08-18T21:18 ORD-00026 PLACED -> ACCEPTED
2026-08-18T21:18 ORD-00026 ACCEPTED -> PREPARING
2026-08-18T21:47 ORD-00026 PREPARING -> READY
2026-08-18T21:47 ORD-00026 READY -> ASSIGNED rider=D3
2026-08-18T21:52 ORD-00026 ASSIGNED -> OUT_FOR_DELIVERY rider=D3
2026-08-18T22:24 ORD-00026 OUT_FOR_DELIVERY -> DELIVERED rider=D3
2026-08-19T21:44 ORD-00027 NEW -> PLACED
2026-08-19T21:47 ORD-00027 PLACED -> ACCEPTED
2026-08-19T21:47 ORD-00027 ACCEPTED -> PREPARING
2026-08-19T22:08 ORD-00027 PREPARING -> READY
2026-08-19T22:08 ORD-00027 READY -> ASSIGNED rider=D2
2026-08-19T22:17 ORD-00027 ASSIGNED -> OUT_FOR_DELIVERY rider=D2
2026-08-19T22:41 ORD-00027 OUT_FOR_DELIVERY -> DELIVERED rider=D2
2026-08-19T22:44 ORD-00028 NEW -> PLACED
2026-08-19T22:47 ORD-00028 PLACED -> ACCEPTED
2026-08-19T22:47 ORD-00028 ACCEPTED -> PREPARING
2026-08-19T23:03 ORD-00028 PREPARING -> READY
2026-08-19T23:03 ORD-00028 READY -> ASSIGNED rider=D1
2026-08-19T23:09 ORD-00028 ASSIGNED -> OUT_FOR_DELIVERY rider=D1
2026-08-19T23:43 ORD-00028 OUT_FOR_DELIVERY -> DELIVERED rider=D1
2026-08-20T15:44 ORD-00029 NEW -> PLACED
2026-08-20T15:47 ORD-00029 PLACED -> ACCEPTED
2026-08-20T15:47 ORD-00029 ACCEPTED -> PREPARING
2026-08-20T16:13 ORD-00029 PREPARING -> READY
2026-08-20T16:13 ORD-00029 READY -> ASSIGNED rider=D5
2026-08-20T16:19 ORD-00029 ASSIGNED -> OUT_FOR_DELIVERY rider=D5
2026-08-20T16:34 ORD-00029 OUT_FOR_DELIVERY -> DELIVERED rider=D5
2026-08-21T20:45 ORD-00030 NEW -> PLACED
2026-08-21T20:48 ORD-00030 PLACED -> ACCEPTED
2026-08-21T20:48 ORD-00030 ACCEPTED -> PREPARING
2026-08-21T21:15 ORD-00030 PREPARING -> READY
2026-08-21T21:15 ORD-00030 READY -> ASSIGNED rider=D3
2026-08-21T21:21 ORD-00030 ASSIGNED -> OUT_FOR_DELIVERY rider=D3
2026-08-21T21:44 ORD-00030 OUT_FOR_DELIVERY -> DELIVERED rider=D3
2026-08-22T13:46 ORD-00031 NEW -> PLACED
2026-08-22T13:49 ORD-00031 PLACED -> ACCEPTED
2026-08-22T13:49 ORD-00031 ACCEPTED -> PREPARING
2026-08-22T14:13 ORD-00031 PREPARING -> READY
2026-08-22T14:13 ORD-00031 READY -> ASSIGNED rider=D2
2026-08-22T14:18 ORD-00031 ASSIGNED -> OUT_FOR_DELIVERY rider=D2
2026-08-22T14:53 ORD-00031 OUT_FOR_DELIVERY -> DELIVERED rider=D2
2026-08-22T14:49 ORD-00032 NEW -> PLACED
2026-08-22T14:52 ORD-00032 PLACED -> ACCEPTED
2026-08-22T14:52 ORD-00032 ACCEPTED -> PREPARING
2026-08-22T15:19 ORD-00032 PREPARING -> READY
2026-08-22T15:19 ORD-00032 READY -> ASSIGNED rider=D2
2026-08-22T15:28 ORD-00032 ASSIGNED -> OUT_FOR_DELIVERY rider=D2
2026-08-22T16:01 ORD-00032 OUT_FOR_DELIVERY -> DELIVERED rider=D2
2026-08-23T19:37 ORD-00033 NEW -> PLACED
2026-08-23T19:40 ORD-00033 PLACED -> ACCEPTED
2026-08-23T19:40 ORD-00033 ACCEPTED -> PREPARING
2026-08-23T20:05 ORD-00033 PREPARING -> READY
2026-08-23T20:05 ORD-00033 READY -> ASSIGNED rider=D5
2026-08-23T20:11 ORD-00033 ASSIGNED -> OUT_FOR_DELIVERY rider=D5
2026-08-23T20:46 ORD-00033 OUT_FOR_DELIVERY -> DELIVERED rider=D5
2026-08-24T20:04 ORD-00034 NEW -> PLACED
2026-08-24T20:07 ORD-00034 PLACED -> ACCEPTED
2026-08-24T20:07 ORD-00034 ACCEPTED -> PREPARING
2026-08-24T20:34 ORD-00034 PREPARING -> READY
2026-08-24T20:34 ORD-00034 READY -> ASSIGNED rider=D3
2026-08-24T20:43 ORD-00034 ASSIGNED -> OUT_FOR_DELIVERY rider=D3
2026-08-24T21:04 ORD-00034 OUT_FOR_DELIVERY -> DELIVERED rider=D3
2026-08-25T20:51 ORD-00035 NEW -> PLACED
2026-08-25T20:54 ORD-00035 PLACED -> ACCEPTED
2026-08-25T20:54 ORD-00035 ACCEPTED -> PREPARING
2026-08-25T21:15 ORD-00035 PREPARING -> READY
2026-08-25T21:15 ORD-00035 READY -> ASSIGNED rider=D1
2026-08-25T21:23 ORD-00035 ASSIGNED -> OUT_FOR_DELIVERY rider=D1
2026-08-25T21:53 ORD-00035 OUT_FOR_DELIVERY -> DELIVERED rider=D1
2026-08-25T21:27 ORD-00036 NEW -> PLACED
2026-08-25T21:30 ORD-00036 PLACED -> ACCEPTED
2026-08-25T21:30 ORD-00036 ACCEPTED -> PREPARING
2026-08-25T21:56 ORD-00036 PREPARING -> READY
2026-08-25T21:56 ORD-00036 READY -> ASSIGNED rider=D2
2026-08-25T22:05 ORD-00036 ASSIGNED -> OUT_FOR_DELIVERY rider=D2
2026-08-25T22:36 ORD-00036 OUT_FOR_DELIVERY -> DELIVERED rider=D2
2026-08-26T21:15 ORD-00037 NEW -> PLACED
2026-08-26T21:18 ORD-00037 PLACED -> ACCEPTED
2026-08-26T21:18 ORD-00037 ACCEPTED -> PREPARING
2026-08-26T21:35 ORD-00037 PREPARING -> READY
2026-08-26T21:35 ORD-00037 READY -> ASSIGNED rider=D5
2026-08-26T21:44 ORD-00037 ASSIGNED -> OUT_FOR_DELIVERY rider=D5
2026-08-26T22:17 ORD-00037 OUT_FOR_DELIVERY -> DELIVERED rider=D5
2026-08-27T22:20 ORD-00038 NEW -> PLACED
2026-08-27T22:23 ORD-00038 PLACED -> ACCEPTED
2026-08-27T22:23 ORD-00038 ACCEPTED -> PREPARING
2026-08-27T22:46 ORD-00038 PREPARING -> READY
2026-08-27T22:46 ORD-00038 READY -> ASSIGNED rider=D3
2026-08-27T22:56 ORD-00038 ASSIGNED -> OUT_FOR_DELIVERY rider=D3
2026-08-27T23:11 ORD-00038 OUT_FOR_DELIVERY -> DELIVERED rider=D3
2026-08-28T15:29 ORD-00039 NEW -> PLACED
2026-08-28T15:32 ORD-00039 PLACED -> ACCEPTED
2026-08-28T15:32 ORD-00039 ACCEPTED -> PREPARING
2026-08-28T15:50 ORD-00039 PREPARING -> READY
2026-08-28T15:50 ORD-00039 READY -> ASSIGNED rider=D1
2026-08-28T16:00 ORD-00039 ASSIGNED -> OUT_FOR_DELIVERY rider=D1
2026-08-28T16:33 ORD-00039 OUT_FOR_DELIVERY -> DELIVERED rider=D1
2026-08-28T20:07 ORD-00040 NEW -> PLACED
2026-08-28T20:10 ORD-00040 PLACED -> ACCEPTED
2026-08-28T20:10 ORD-00040 ACCEPTED -> PREPARING
2026-08-28T20:33 ORD-00040 PREPARING -> READY
2026-08-28T20:33 ORD-00040 READY -> ASSIGNED rider=D1
2026-08-28T20:38 ORD-00040 ASSIGNED -> OUT_FOR_DELIVERY rider=D1
2026-08-28T20:59 ORD-00040 OUT_FOR_DELIVERY -> DELIVERED rider=D1
2026-08-29T13:06 ORD-00041 NEW -> PLACED
2026-08-29T13:09 ORD-00041 PLACED -> ACCEPTED
2026-08-29T13:09 ORD-00041 ACCEPTED -> PREPARING
2026-08-29T13:38 ORD-00041 PREPARING -> READY
2026-08-29T13:38 ORD-00041 READY -> ASSIGNED rider=D5
2026-08-29T13:46 ORD-00041 ASSIGNED -> OUT_FOR_DELIVERY rider=D5
2026-08-29T14:11 ORD-00041 OUT_FOR_DELIVERY -> DELIVERED rider=D5
2026-08-30T14:38 ORD-00042 NEW -> PLACED
2026-08-30T14:41 ORD-00042 PLACED -> ACCEPTED
2026-08-30T14:41 ORD-00042 ACCEPTED -> PREPARING
2026-08-30T15:09 ORD-00042 PREPARING -> READY
2026-08-30T15:09 ORD-00042 READY -> ASSIGNED rider=D3
2026-08-30T15:19 ORD-00042 ASSIGNED -> OUT_FOR_DELIVERY rider=D3
2026-08-30T15:42 ORD-00042 OUT_FOR_DELIVERY -> DELIVERED rider=D3
2026-08-31T19:41 ORD-00043 NEW -> PLACED
2026-08-31T19:44 ORD-00043 PLACED -> ACCEPTED
2026-08-31T19:44 ORD-00043 ACCEPTED -> PREPARING
2026-08-31T19:59 ORD-00043 PREPARING -> READY
2026-08-31T19:59 ORD-00043 READY -> ASSIGNED rider=D2
2026-08-31T20:06 ORD-00043 ASSIGNED -> OUT_FOR_DELIVERY rider=D2
2026-08-31T20:39 ORD-00043 OUT_FOR_DELIVERY -> DELIVERED rider=D2
2026-09-03T20:44 ORD-00044 NEW -> PLACED
2026-09-03T20:47 ORD-00044 PLACED -> ACCEPTED
2026-09-03T20:47 ORD-00044 ACCEPTED -> PREPARING
2026-09-03T21:03 ORD-00044 PREPARING -> READY
2026-09-03T21:03 ORD-00044 READY -> ASSIGNED rider=D1
2026-09-03T21:12 ORD-00044 ASSIGNED -> OUT_FOR_DELIVERY rider=D1
2026-09-03T21:31 ORD-00044 OUT_FOR_DELIVERY -> DELIVERED rider=D1
2026-09-06T20:04 ORD-00045 NEW -> PLACED
2026-09-06T20:07 ORD-00045 PLACED -> ACCEPTED
2026-09-06T20:07 ORD-00045 ACCEPTED -> PREPARING
2026-09-06T20:29 ORD-00045 PREPARING -> READY
2026-09-06T20:29 ORD-00045 READY -> ASSIGNED rider=D2
2026-09-06T20:34 ORD-00045 ASSIGNED -> OUT_FOR_DELIVERY rider=D2
2026-09-06T20:52 ORD-00045 OUT_FOR_DELIVERY -> DELIVERED rider=D2
2026-09-06T21:36 ORD-00046 NEW -> PLACED
2026-09-06T21:39 ORD-00046 PLACED -> ACCEPTED
2026-09-06T21:39 ORD-00046 ACCEPTED -> PREPARING
2026-09-06T22:01 ORD-00046 PREPARING -> READY
2026-09-06T22:01 ORD-00046 READY -> ASSIGNED rider=D4
2026-09-06T22:09 ORD-00046 ASSIGNED -> OUT_FOR_DELIVERY rider=D4
2026-09-06T22:37 ORD-00046 OUT_FOR_DELIVERY -> DELIVERED rider=D4
2026-09-09T21:49 ORD-00047 NEW -> PLACED
2026-09-09T21:52 ORD-00047 PLACED -> ACCEPTED
2026-09-09T21:52 ORD-00047 ACCEPTED -> PREPARING
2026-09-09T22:18 ORD-00047 PREPARING -> READY
2026-09-09T22:18 ORD-00047 READY -> ASSIGNED rider=D1
2026-09-09T22:27 ORD-00047 ASSIGNED -> OUT_FOR_DELIVERY rider=D1
2026-09-09T22:53 ORD-00047 OUT_FOR_DELIVERY -> DELIVERED rider=D1
2026-09-14T22:27 ORD-00048 NEW -> PLACED
2026-09-14T22:30 ORD-00048 PLACED -> ACCEPTED
2026-09-14T22:30 ORD-00048 ACCEPTED -> PREPARING
2026-09-14T22:46 ORD-00048 PREPARING -> READY
2026-09-14T22:46 ORD-00048 READY -> ASSIGNED rider=D4
2026-09-14T22:55 ORD-00048 ASSIGNED -> OUT_FOR_DELIVERY rider=D4
2026-09-14T23:15 ORD-00048 OUT_FOR_DELIVERY -> DELIVERED rider=D4
2026-09-20T15:28 ORD-00049 NEW -> PLACED
2026-09-20T15:31 ORD-00049 PLACED -> ACCEPTED
2026-09-20T15:31 ORD-00049 ACCEPTED -> PREPARING
2026-09-20T15:48 ORD-00049 PREPARING -> READY
2026-09-20T15:48 ORD-00049 READY -> ASSIGNED rider=D2
2026-09-20T15:55 ORD-00049 ASSIGNED -> OUT_FOR_DELIVERY rider=D2
2026-09-20T16:20 ORD-00049 OUT_FOR_DELIVERY -> DELIVERED rider=D2
2026-08-15T21:29:10.592442200 ORD-00050 NEW -> PLACED
2026-08-15T21:29:10.592442200 ORD-00050 PLACED -> CANCELLED
2026-09-26T21:29:11.270779800 ORD-00051 NEW -> PLACED
2026-09-26T21:29:11.273772300 ORD-00052 NEW -> PLACED
2026-09-26T21:29:11.274769200 ORD-00052 PLACED -> ACCEPTED
2026-09-26T21:29:11.275766300 ORD-00052 ACCEPTED -> PREPARING
2026-09-26T21:29:11.277773800 ORD-00053 NEW -> PLACED
2026-09-26T21:29:11.278757400 ORD-00053 PLACED -> ACCEPTED
2026-09-26T21:29:11.280752 ORD-00053 ACCEPTED -> PREPARING
2026-09-26T21:29:11.281749800 ORD-00053 PREPARING -> READY
2026-07-30T13:59 ORD-00001 NEW -> PLACED
2026-07-30T14:02 ORD-00001 PLACED -> ACCEPTED
2026-07-30T14:02 ORD-00001 ACCEPTED -> PREPARING
2026-07-30T14:26 ORD-00001 PREPARING -> READY
2026-07-30T14:26 ORD-00001 READY -> ASSIGNED rider=D1
2026-07-30T14:35 ORD-00001 ASSIGNED -> OUT_FOR_DELIVERY rider=D1
2026-07-30T15:10 ORD-00001 OUT_FOR_DELIVERY -> DELIVERED rider=D1
2026-07-31T14:16 ORD-00002 NEW -> PLACED
2026-07-31T14:19 ORD-00002 PLACED -> ACCEPTED
2026-07-31T14:19 ORD-00002 ACCEPTED -> PREPARING
2026-07-31T14:34 ORD-00002 PREPARING -> READY
2026-07-31T14:34 ORD-00002 READY -> ASSIGNED rider=D5
2026-07-31T14:39 ORD-00002 ASSIGNED -> OUT_FOR_DELIVERY rider=D5
2026-07-31T15:15 ORD-00002 OUT_FOR_DELIVERY -> DELIVERED rider=D5
2026-08-01T19:30 ORD-00003 NEW -> PLACED
2026-08-01T19:33 ORD-00003 PLACED -> ACCEPTED
2026-08-01T19:33 ORD-00003 ACCEPTED -> PREPARING
2026-08-01T19:55 ORD-00003 PREPARING -> READY
2026-08-01T19:55 ORD-00003 READY -> ASSIGNED rider=D1
2026-08-01T20:01 ORD-00003 ASSIGNED -> OUT_FOR_DELIVERY rider=D1
2026-08-01T20:14 ORD-00003 OUT_FOR_DELIVERY -> DELIVERED rider=D1
2026-08-02T20:48 ORD-00004 NEW -> PLACED
2026-08-02T20:51 ORD-00004 PLACED -> ACCEPTED
2026-08-02T20:51 ORD-00004 ACCEPTED -> PREPARING
2026-08-02T21:06 ORD-00004 PREPARING -> READY
2026-08-02T21:06 ORD-00004 READY -> ASSIGNED rider=D3
2026-08-02T21:14 ORD-00004 ASSIGNED -> OUT_FOR_DELIVERY rider=D3
2026-08-02T21:32 ORD-00004 OUT_FOR_DELIVERY -> DELIVERED rider=D3
2026-08-03T20:20 ORD-00005 NEW -> PLACED
2026-08-03T20:23 ORD-00005 PLACED -> ACCEPTED
2026-08-03T20:23 ORD-00005 ACCEPTED -> PREPARING
2026-08-03T20:50 ORD-00005 PREPARING -> READY
2026-08-03T20:50 ORD-00005 READY -> ASSIGNED rider=D3
2026-08-03T20:58 ORD-00005 ASSIGNED -> OUT_FOR_DELIVERY rider=D3
2026-08-03T21:22 ORD-00005 OUT_FOR_DELIVERY -> DELIVERED rider=D3
2026-08-04T21:46 ORD-00006 NEW -> PLACED
2026-08-04T21:49 ORD-00006 PLACED -> ACCEPTED
2026-08-04T21:49 ORD-00006 ACCEPTED -> PREPARING
2026-08-04T22:05 ORD-00006 PREPARING -> READY
2026-08-04T22:05 ORD-00006 READY -> ASSIGNED rider=D1
2026-08-04T22:13 ORD-00006 ASSIGNED -> OUT_FOR_DELIVERY rider=D1
2026-08-04T22:28 ORD-00006 OUT_FOR_DELIVERY -> DELIVERED rider=D1
2026-08-05T21:36 ORD-00007 NEW -> PLACED
2026-08-05T21:39 ORD-00007 PLACED -> ACCEPTED
2026-08-05T21:39 ORD-00007 ACCEPTED -> PREPARING
2026-08-05T22:03 ORD-00007 PREPARING -> READY
2026-08-05T22:03 ORD-00007 READY -> ASSIGNED rider=D5
2026-08-05T22:08 ORD-00007 ASSIGNED -> OUT_FOR_DELIVERY rider=D5
2026-08-05T22:35 ORD-00007 OUT_FOR_DELIVERY -> DELIVERED rider=D5
2026-08-06T22:30 ORD-00008 NEW -> PLACED
2026-08-06T22:33 ORD-00008 PLACED -> ACCEPTED
2026-08-06T22:33 ORD-00008 ACCEPTED -> PREPARING
2026-08-06T22:51 ORD-00008 PREPARING -> READY
2026-08-06T22:51 ORD-00008 READY -> ASSIGNED rider=D3
2026-08-06T22:59 ORD-00008 ASSIGNED -> OUT_FOR_DELIVERY rider=D3
2026-08-06T23:29 ORD-00008 OUT_FOR_DELIVERY -> DELIVERED rider=D3
2026-08-07T15:31 ORD-00009 NEW -> PLACED
2026-08-07T15:34 ORD-00009 PLACED -> ACCEPTED
2026-08-07T15:34 ORD-00009 ACCEPTED -> PREPARING
2026-08-07T15:56 ORD-00009 PREPARING -> READY
2026-08-07T15:56 ORD-00009 READY -> ASSIGNED rider=D1
2026-08-07T16:03 ORD-00009 ASSIGNED -> OUT_FOR_DELIVERY rider=D1
2026-08-07T16:33 ORD-00009 OUT_FOR_DELIVERY -> DELIVERED rider=D1
2026-08-07T20:30 ORD-00010 NEW -> PLACED
2026-08-07T20:33 ORD-00010 PLACED -> ACCEPTED
2026-08-07T20:33 ORD-00010 ACCEPTED -> PREPARING
2026-08-07T20:52 ORD-00010 PREPARING -> READY
2026-08-07T20:52 ORD-00010 READY -> ASSIGNED rider=D2
2026-08-07T20:58 ORD-00010 ASSIGNED -> OUT_FOR_DELIVERY rider=D2
2026-08-07T21:19 ORD-00010 OUT_FOR_DELIVERY -> DELIVERED rider=D2
2026-08-08T13:45 ORD-00011 NEW -> PLACED
2026-08-08T13:48 ORD-00011 PLACED -> ACCEPTED
2026-08-08T13:48 ORD-00011 ACCEPTED -> PREPARING
2026-08-08T14:07 ORD-00011 PREPARING -> READY
2026-08-08T14:07 ORD-00011 READY -> ASSIGNED rider=D5
2026-08-08T14:12 ORD-00011 ASSIGNED -> OUT_FOR_DELIVERY rider=D5
2026-08-08T14:46 ORD-00011 OUT_FOR_DELIVERY -> DELIVERED rider=D5
2026-08-09T14:01 ORD-00012 NEW -> PLACED
2026-08-09T14:04 ORD-00012 PLACED -> ACCEPTED
2026-08-09T14:04 ORD-00012 ACCEPTED -> PREPARING
2026-08-09T14:30 ORD-00012 PREPARING -> READY
2026-08-09T14:30 ORD-00012 READY -> ASSIGNED rider=D3
2026-08-09T14:35 ORD-00012 ASSIGNED -> OUT_FOR_DELIVERY rider=D3
2026-08-09T14:53 ORD-00012 OUT_FOR_DELIVERY -> DELIVERED rider=D3
2026-08-10T19:44 ORD-00013 NEW -> PLACED
2026-08-10T19:47 ORD-00013 PLACED -> ACCEPTED
2026-08-10T19:47 ORD-00013 ACCEPTED -> PREPARING
2026-08-10T20:16 ORD-00013 PREPARING -> READY
2026-08-10T20:16 ORD-00013 READY -> ASSIGNED rider=D1
2026-08-10T20:21 ORD-00013 ASSIGNED -> OUT_FOR_DELIVERY rider=D1
2026-08-10T20:48 ORD-00013 OUT_FOR_DELIVERY -> DELIVERED rider=D1
2026-08-10T20:59 ORD-00014 NEW -> PLACED
2026-08-10T21:02 ORD-00014 PLACED -> ACCEPTED
2026-08-10T21:02 ORD-00014 ACCEPTED -> PREPARING
2026-08-10T21:19 ORD-00014 PREPARING -> READY
2026-08-10T21:19 ORD-00014 READY -> ASSIGNED rider=D1
2026-08-10T21:26 ORD-00014 ASSIGNED -> OUT_FOR_DELIVERY rider=D1
2026-08-10T21:58 ORD-00014 OUT_FOR_DELIVERY -> DELIVERED rider=D1
2026-08-11T20:55 ORD-00015 NEW -> PLACED
2026-08-11T20:58 ORD-00015 PLACED -> ACCEPTED
2026-08-11T20:58 ORD-00015 ACCEPTED -> PREPARING
2026-08-11T21:13 ORD-00015 PREPARING -> READY
2026-08-11T21:13 ORD-00015 READY -> ASSIGNED rider=D5
2026-08-11T21:22 ORD-00015 ASSIGNED -> OUT_FOR_DELIVERY rider=D5
2026-08-11T21:50 ORD-00015 OUT_FOR_DELIVERY -> DELIVERED rider=D5
2026-08-12T21:20 ORD-00016 NEW -> PLACED
2026-08-12T21:23 ORD-00016 PLACED -> ACCEPTED
2026-08-12T21:23 ORD-00016 ACCEPTED -> PREPARING
2026-08-12T21:48 ORD-00016 PREPARING -> READY
2026-08-12T21:48 ORD-00016 READY -> ASSIGNED rider=D3
2026-08-12T21:56 ORD-00016 ASSIGNED -> OUT_FOR_DELIVERY rider=D3
2026-08-12T22:29 ORD-00016 OUT_FOR_DELIVERY -> DELIVERED rider=D3
2026-08-12T21:10 ORD-00017 NEW -> PLACED
2026-08-12T21:13 ORD-00017 PLACED -> ACCEPTED
2026-08-12T21:13 ORD-00017 ACCEPTED -> PREPARING
2026-08-12T21:37 ORD-00017 PREPARING -> READY
2026-08-12T21:37 ORD-00017 READY -> ASSIGNED rider=D4
2026-08-12T21:44 ORD-00017 ASSIGNED -> OUT_FOR_DELIVERY rider=D4
2026-08-12T22:20 ORD-00017 OUT_FOR_DELIVERY -> DELIVERED rider=D4
2026-08-13T22:28 ORD-00018 NEW -> PLACED
2026-08-13T22:31 ORD-00018 PLACED -> ACCEPTED
2026-08-13T22:31 ORD-00018 ACCEPTED -> PREPARING
2026-08-13T22:50 ORD-00018 PREPARING -> READY
2026-08-13T22:50 ORD-00018 READY -> ASSIGNED rider=D2
2026-08-13T22:55 ORD-00018 ASSIGNED -> OUT_FOR_DELIVERY rider=D2
2026-08-13T23:27 ORD-00018 OUT_FOR_DELIVERY -> DELIVERED rider=D2
2026-08-13T15:25 ORD-00019 NEW -> PLACED
2026-08-13T15:28 ORD-00019 PLACED -> ACCEPTED
2026-08-13T15:28 ORD-00019 ACCEPTED -> PREPARING
2026-08-13T15:46 ORD-00019 PREPARING -> READY
2026-08-13T15:46 ORD-00019 READY -> ASSIGNED rider=D1
2026-08-13T15:53 ORD-00019 ASSIGNED -> OUT_FOR_DELIVERY rider=D1
2026-08-13T16:29 ORD-00019 OUT_FOR_DELIVERY -> DELIVERED rider=D1
2026-08-14T20:00 ORD-00020 NEW -> PLACED
2026-08-14T20:03 ORD-00020 PLACED -> ACCEPTED
2026-08-14T20:03 ORD-00020 ACCEPTED -> PREPARING
2026-08-14T20:22 ORD-00020 PREPARING -> READY
2026-08-14T20:22 ORD-00020 READY -> ASSIGNED rider=D2
2026-08-14T20:28 ORD-00020 ASSIGNED -> OUT_FOR_DELIVERY rider=D2
2026-08-14T20:42 ORD-00020 OUT_FOR_DELIVERY -> DELIVERED rider=D2
2026-08-15T13:00 ORD-00021 NEW -> PLACED
2026-08-15T13:03 ORD-00021 PLACED -> ACCEPTED
2026-08-15T13:03 ORD-00021 ACCEPTED -> PREPARING
2026-08-15T13:27 ORD-00021 PREPARING -> READY
2026-08-15T13:27 ORD-00021 READY -> ASSIGNED rider=D2
2026-08-15T13:36 ORD-00021 ASSIGNED -> OUT_FOR_DELIVERY rider=D2
2026-08-15T13:52 ORD-00021 OUT_FOR_DELIVERY -> DELIVERED rider=D2
2026-08-16T14:27 ORD-00022 NEW -> PLACED
2026-08-16T14:30 ORD-00022 PLACED -> ACCEPTED
2026-08-16T14:30 ORD-00022 ACCEPTED -> PREPARING
2026-08-16T14:52 ORD-00022 PREPARING -> READY
2026-08-16T14:52 ORD-00022 READY -> ASSIGNED rider=D2
2026-08-16T14:59 ORD-00022 ASSIGNED -> OUT_FOR_DELIVERY rider=D2
2026-08-16T15:28 ORD-00022 OUT_FOR_DELIVERY -> DELIVERED rider=D2
2026-08-16T19:28 ORD-00023 NEW -> PLACED
2026-08-16T19:31 ORD-00023 PLACED -> ACCEPTED
2026-08-16T19:31 ORD-00023 ACCEPTED -> PREPARING
2026-08-16T19:52 ORD-00023 PREPARING -> READY
2026-08-16T19:52 ORD-00023 READY -> ASSIGNED rider=D2
2026-08-16T19:59 ORD-00023 ASSIGNED -> OUT_FOR_DELIVERY rider=D2
2026-08-16T20:21 ORD-00023 OUT_FOR_DELIVERY -> DELIVERED rider=D2
2026-08-17T20:10 ORD-00024 NEW -> PLACED
2026-08-17T20:13 ORD-00024 PLACED -> ACCEPTED
2026-08-17T20:13 ORD-00024 ACCEPTED -> PREPARING
2026-08-17T20:32 ORD-00024 PREPARING -> READY
2026-08-17T20:32 ORD-00024 READY -> ASSIGNED rider=D5
2026-08-17T20:40 ORD-00024 ASSIGNED -> OUT_FOR_DELIVERY rider=D5
2026-08-17T20:57 ORD-00024 OUT_FOR_DELIVERY -> DELIVERED rider=D5
2026-08-17T20:02 ORD-00025 NEW -> PLACED
2026-08-17T20:05 ORD-00025 PLACED -> ACCEPTED
2026-08-17T20:05 ORD-00025 ACCEPTED -> PREPARING
2026-08-17T20:32 ORD-00025 PREPARING -> READY
2026-08-17T20:32 ORD-00025 READY -> ASSIGNED rider=D4
2026-08-17T20:38 ORD-00025 ASSIGNED -> OUT_FOR_DELIVERY rider=D4
2026-08-17T20:50 ORD-00025 OUT_FOR_DELIVERY -> DELIVERED rider=D4
2026-08-18T21:15 ORD-00026 NEW -> PLACED
2026-08-18T21:18 ORD-00026 PLACED -> ACCEPTED
2026-08-18T21:18 ORD-00026 ACCEPTED -> PREPARING
2026-08-18T21:47 ORD-00026 PREPARING -> READY
2026-08-18T21:47 ORD-00026 READY -> ASSIGNED rider=D3
2026-08-18T21:52 ORD-00026 ASSIGNED -> OUT_FOR_DELIVERY rider=D3
2026-08-18T22:24 ORD-00026 OUT_FOR_DELIVERY -> DELIVERED rider=D3
2026-08-19T21:44 ORD-00027 NEW -> PLACED
2026-08-19T21:47 ORD-00027 PLACED -> ACCEPTED
2026-08-19T21:47 ORD-00027 ACCEPTED -> PREPARING
2026-08-19T22:08 ORD-00027 PREPARING -> READY
2026-08-19T22:08 ORD-00027 READY -> ASSIGNED rider=D2
2026-08-19T22:17 ORD-00027 ASSIGNED -> OUT_FOR_DELIVERY rider=D2
2026-08-19T22:41 ORD-00027 OUT_FOR_DELIVERY -> DELIVERED rider=D2
2026-08-19T22:44 ORD-00028 NEW -> PLACED
2026-08-19T22:47 ORD-00028 PLACED -> ACCEPTED
2026-08-19T22:47 ORD-00028 ACCEPTED -> PREPARING
2026-08-19T23:03 ORD-00028 PREPARING -> READY
2026-08-19T23:03 ORD-00028 READY -> ASSIGNED rider=D1
2026-08-19T23:09 ORD-00028 ASSIGNED -> OUT_FOR_DELIVERY rider=D1
2026-08-19T23:43 ORD-00028 OUT_FOR_DELIVERY -> DELIVERED rider=D1
2026-08-20T15:44 ORD-00029 NEW -> PLACED
2026-08-20T15:47 ORD-00029 PLACED -> ACCEPTED
2026-08-20T15:47 ORD-00029 ACCEPTED -> PREPARING
2026-08-20T16:13 ORD-00029 PREPARING -> READY
2026-08-20T16:13 ORD-00029 READY -> ASSIGNED rider=D5
2026-08-20T16:19 ORD-00029 ASSIGNED -> OUT_FOR_DELIVERY rider=D5
2026-08-20T16:34 ORD-00029 OUT_FOR_DELIVERY -> DELIVERED rider=D5
2026-08-21T20:45 ORD-00030 NEW -> PLACED
2026-08-21T20:48 ORD-00030 PLACED -> ACCEPTED
2026-08-21T20:48 ORD-00030 ACCEPTED -> PREPARING
2026-08-21T21:15 ORD-00030 PREPARING -> READY
2026-08-21T21:15 ORD-00030 READY -> ASSIGNED rider=D3
2026-08-21T21:21 ORD-00030 ASSIGNED -> OUT_FOR_DELIVERY rider=D3
2026-08-21T21:44 ORD-00030 OUT_FOR_DELIVERY -> DELIVERED rider=D3
2026-08-22T13:46 ORD-00031 NEW -> PLACED
2026-08-22T13:49 ORD-00031 PLACED -> ACCEPTED
2026-08-22T13:49 ORD-00031 ACCEPTED -> PREPARING
2026-08-22T14:13 ORD-00031 PREPARING -> READY
2026-08-22T14:13 ORD-00031 READY -> ASSIGNED rider=D2
2026-08-22T14:18 ORD-00031 ASSIGNED -> OUT_FOR_DELIVERY rider=D2
2026-08-22T14:53 ORD-00031 OUT_FOR_DELIVERY -> DELIVERED rider=D2
2026-08-22T14:49 ORD-00032 NEW -> PLACED
2026-08-22T14:52 ORD-00032 PLACED -> ACCEPTED
2026-08-22T14:52 ORD-00032 ACCEPTED -> PREPARING
2026-08-22T15:19 ORD-00032 PREPARING -> READY
2026-08-22T15:19 ORD-00032 READY -> ASSIGNED rider=D2
2026-08-22T15:28 ORD-00032 ASSIGNED -> OUT_FOR_DELIVERY rider=D2
2026-08-22T16:01 ORD-00032 OUT_FOR_DELIVERY -> DELIVERED rider=D2
2026-08-23T19:37 ORD-00033 NEW -> PLACED
2026-08-23T19:40 ORD-00033 PLACED -> ACCEPTED
2026-08-23T19:40 ORD-00033 ACCEPTED -> PREPARING
2026-08-23T20:05 ORD-00033 PREPARING -> READY
2026-08-23T20:05 ORD-00033 READY -> ASSIGNED rider=D5
2026-08-23T20:11 ORD-00033 ASSIGNED -> OUT_FOR_DELIVERY rider=D5
2026-08-23T20:46 ORD-00033 OUT_FOR_DELIVERY -> DELIVERED rider=D5
2026-08-24T20:04 ORD-00034 NEW -> PLACED
2026-08-24T20:07 ORD-00034 PLACED -> ACCEPTED
2026-08-24T20:07 ORD-00034 ACCEPTED -> PREPARING
2026-08-24T20:34 ORD-00034 PREPARING -> READY
2026-08-24T20:34 ORD-00034 READY -> ASSIGNED rider=D3
2026-08-24T20:43 ORD-00034 ASSIGNED -> OUT_FOR_DELIVERY rider=D3
2026-08-24T21:04 ORD-00034 OUT_FOR_DELIVERY -> DELIVERED rider=D3
2026-08-25T20:51 ORD-00035 NEW -> PLACED
2026-08-25T20:54 ORD-00035 PLACED -> ACCEPTED
2026-08-25T20:54 ORD-00035 ACCEPTED -> PREPARING
2026-08-25T21:15 ORD-00035 PREPARING -> READY
2026-08-25T21:15 ORD-00035 READY -> ASSIGNED rider=D1
2026-08-25T21:23 ORD-00035 ASSIGNED -> OUT_FOR_DELIVERY rider=D1
2026-08-25T21:53 ORD-00035 OUT_FOR_DELIVERY -> DELIVERED rider=D1
2026-08-25T21:27 ORD-00036 NEW -> PLACED
2026-08-25T21:30 ORD-00036 PLACED -> ACCEPTED
2026-08-25T21:30 ORD-00036 ACCEPTED -> PREPARING
2026-08-25T21:56 ORD-00036 PREPARING -> READY
2026-08-25T21:56 ORD-00036 READY -> ASSIGNED rider=D2
2026-08-25T22:05 ORD-00036 ASSIGNED -> OUT_FOR_DELIVERY rider=D2
2026-08-25T22:36 ORD-00036 OUT_FOR_DELIVERY -> DELIVERED rider=D2
2026-08-26T21:15 ORD-00037 NEW -> PLACED
2026-08-26T21:18 ORD-00037 PLACED -> ACCEPTED
2026-08-26T21:18 ORD-00037 ACCEPTED -> PREPARING
2026-08-26T21:35 ORD-00037 PREPARING -> READY
2026-08-26T21:35 ORD-00037 READY -> ASSIGNED rider=D5
2026-08-26T21:44 ORD-00037 ASSIGNED -> OUT_FOR_DELIVERY rider=D5
2026-08-26T22:17 ORD-00037 OUT_FOR_DELIVERY -> DELIVERED rider=D5
2026-08-27T22:20 ORD-00038 NEW -> PLACED
2026-08-27T22:23 ORD-00038 PLACED -> ACCEPTED
2026-08-27T22:23 ORD-00038 ACCEPTED -> PREPARING
2026-08-27T22:46 ORD-00038 PREPARING -> READY
2026-08-27T22:46 ORD-00038 READY -> ASSIGNED rider=D3
2026-08-27T22:56 ORD-00038 ASSIGNED -> OUT_FOR_DELIVERY rider=D3
2026-08-27T23:11 ORD-00038 OUT_FOR_DELIVERY -> DELIVERED rider=D3
2026-08-28T15:29 ORD-00039 NEW -> PLACED
2026-08-28T15:32 ORD-00039 PLACED -> ACCEPTED
2026-08-28T15:32 ORD-00039 ACCEPTED -> PREPARING
2026-08-28T15:50 ORD-00039 PREPARING -> READY
2026-08-28T15:50 ORD-00039 READY -> ASSIGNED rider=D1
2026-08-28T16:00 ORD-00039 ASSIGNED -> OUT_FOR_DELIVERY rider=D1
2026-08-28T16:33 ORD-00039 OUT_FOR_DELIVERY -> DELIVERED rider=D1
2026-08-28T20:07 ORD-00040 NEW -> PLACED
2026-08-28T20:10 ORD-00040 PLACED -> ACCEPTED
2026-08-28T20:10 ORD-00040 ACCEPTED -> PREPARING
2026-08-28T20:33 ORD-00040 PREPARING -> READY
2026-08-28T20:33 ORD-00040 READY -> ASSIGNED rider=D1
2026-08-28T20:38 ORD-00040 ASSIGNED -> OUT_FOR_DELIVERY rider=D1
2026-08-28T20:59 ORD-00040 OUT_FOR_DELIVERY -> DELIVERED rider=D1
2026-08-29T13:06 ORD-00041 NEW -> PLACED
2026-08-29T13:09 ORD-00041 PLACED -> ACCEPTED
2026-08-29T13:09 ORD-00041 ACCEPTED -> PREPARING
2026-08-29T13:38 ORD-00041 PREPARING -> READY
2026-08-29T13:38 ORD-00041 READY -> ASSIGNED rider=D5
2026-08-29T13:46 ORD-00041 ASSIGNED -> OUT_FOR_DELIVERY rider=D5
2026-08-29T14:11 ORD-00041 OUT_FOR_DELIVERY -> DELIVERED rider=D5
2026-08-30T14:38 ORD-00042 NEW -> PLACED
2026-08-30T14:41 ORD-00042 PLACED -> ACCEPTED
2026-08-30T14:41 ORD-00042 ACCEPTED -> PREPARING
2026-08-30T15:09 ORD-00042 PREPARING -> READY
2026-08-30T15:09 ORD-00042 READY -> ASSIGNED rider=D3
2026-08-30T15:19 ORD-00042 ASSIGNED -> OUT_FOR_DELIVERY rider=D3
2026-08-30T15:42 ORD-00042 OUT_FOR_DELIVERY -> DELIVERED rider=D3
2026-08-31T19:41 ORD-00043 NEW -> PLACED
2026-08-31T19:44 ORD-00043 PLACED -> ACCEPTED
2026-08-31T19:44 ORD-00043 ACCEPTED -> PREPARING
2026-08-31T19:59 ORD-00043 PREPARING -> READY
2026-08-31T19:59 ORD-00043 READY -> ASSIGNED rider=D2
2026-08-31T20:06 ORD-00043 ASSIGNED -> OUT_FOR_DELIVERY rider=D2
2026-08-31T20:39 ORD-00043 OUT_FOR_DELIVERY -> DELIVERED rider=D2
2026-09-03T20:44 ORD-00044 NEW -> PLACED
2026-09-03T20:47 ORD-00044 PLACED -> ACCEPTED
2026-09-03T20:47 ORD-00044 ACCEPTED -> PREPARING
2026-09-03T21:03 ORD-00044 PREPARING -> READY
2026-09-03T21:03 ORD-00044 READY -> ASSIGNED rider=D1
2026-09-03T21:12 ORD-00044 ASSIGNED -> OUT_FOR_DELIVERY rider=D1
2026-09-03T21:31 ORD-00044 OUT_FOR_DELIVERY -> DELIVERED rider=D1
2026-09-06T20:04 ORD-00045 NEW -> PLACED
2026-09-06T20:07 ORD-00045 PLACED -> ACCEPTED
2026-09-06T20:07 ORD-00045 ACCEPTED -> PREPARING
2026-09-06T20:29 ORD-00045 PREPARING -> READY
2026-09-06T20:29 ORD-00045 READY -> ASSIGNED rider=D2
2026-09-06T20:34 ORD-00045 ASSIGNED -> OUT_FOR_DELIVERY rider=D2
2026-09-06T20:52 ORD-00045 OUT_FOR_DELIVERY -> DELIVERED rider=D2
2026-09-06T21:36 ORD-00046 NEW -> PLACED
2026-09-06T21:39 ORD-00046 PLACED -> ACCEPTED
2026-09-06T21:39 ORD-00046 ACCEPTED -> PREPARING
2026-09-06T22:01 ORD-00046 PREPARING -> READY
2026-09-06T22:01 ORD-00046 READY -> ASSIGNED rider=D4
2026-09-06T22:09 ORD-00046 ASSIGNED -> OUT_FOR_DELIVERY rider=D4
2026-09-06T22:37 ORD-00046 OUT_FOR_DELIVERY -> DELIVERED rider=D4
2026-09-09T21:49 ORD-00047 NEW -> PLACED
2026-09-09T21:52 ORD-00047 PLACED -> ACCEPTED
2026-09-09T21:52 ORD-00047 ACCEPTED -> PREPARING
2026-09-09T22:18 ORD-00047 PREPARING -> READY
2026-09-09T22:18 ORD-00047 READY -> ASSIGNED rider=D1
2026-09-09T22:27 ORD-00047 ASSIGNED -> OUT_FOR_DELIVERY rider=D1
2026-09-09T22:53 ORD-00047 OUT_FOR_DELIVERY -> DELIVERED rider=D1
2026-09-14T22:27 ORD-00048 NEW -> PLACED
2026-09-14T22:30 ORD-00048 PLACED -> ACCEPTED
2026-09-14T22:30 ORD-00048 ACCEPTED -> PREPARING
2026-09-14T22:46 ORD-00048 PREPARING -> READY
2026-09-14T22:46 ORD-00048 READY -> ASSIGNED rider=D4
2026-09-14T22:55 ORD-00048 ASSIGNED -> OUT_FOR_DELIVERY rider=D4
2026-09-14T23:15 ORD-00048 OUT_FOR_DELIVERY -> DELIVERED rider=D4
2026-09-20T15:28 ORD-00049 NEW -> PLACED
2026-09-20T15:31 ORD-00049 PLACED -> ACCEPTED
2026-09-20T15:31 ORD-00049 ACCEPTED -> PREPARING
2026-09-20T15:48 ORD-00049 PREPARING -> READY
2026-09-20T15:48 ORD-00049 READY -> ASSIGNED rider=D2
2026-09-20T15:55 ORD-00049 ASSIGNED -> OUT_FOR_DELIVERY rider=D2
2026-09-20T16:20 ORD-00049 OUT_FOR_DELIVERY -> DELIVERED rider=D2
2026-08-15T22:15:03.512163600 ORD-00050 NEW -> PLACED
2026-08-15T22:15:03.512163600 ORD-00050 PLACED -> CANCELLED
2026-09-26T22:15:04.482740600 ORD-00051 NEW -> PLACED
2026-09-26T22:15:04.485730900 ORD-00052 NEW -> PLACED
2026-09-26T22:15:04.487726800 ORD-00052 PLACED -> ACCEPTED
2026-09-26T22:15:04.488722800 ORD-00052 ACCEPTED -> PREPARING
2026-09-26T22:15:04.491717700 ORD-00053 NEW -> PLACED
2026-09-26T22:15:04.492713500 ORD-00053 PLACED -> ACCEPTED
2026-09-26T22:15:04.494708200 ORD-00053 ACCEPTED -> PREPARING
2026-09-26T22:15:04.495705 ORD-00053 PREPARING -> READY
2026-07-30T13:59 ORD-00001 NEW -> PLACED
2026-07-30T14:02 ORD-00001 PLACED -> ACCEPTED
2026-07-30T14:02 ORD-00001 ACCEPTED -> PREPARING
2026-07-30T14:26 ORD-00001 PREPARING -> READY
2026-07-30T14:26 ORD-00001 READY -> ASSIGNED rider=D1
2026-07-30T14:35 ORD-00001 ASSIGNED -> OUT_FOR_DELIVERY rider=D1
2026-07-30T15:10 ORD-00001 OUT_FOR_DELIVERY -> DELIVERED rider=D1
2026-07-31T14:16 ORD-00002 NEW -> PLACED
2026-07-31T14:19 ORD-00002 PLACED -> ACCEPTED
2026-07-31T14:19 ORD-00002 ACCEPTED -> PREPARING
2026-07-31T14:34 ORD-00002 PREPARING -> READY
2026-07-31T14:34 ORD-00002 READY -> ASSIGNED rider=D5
2026-07-31T14:39 ORD-00002 ASSIGNED -> OUT_FOR_DELIVERY rider=D5
2026-07-31T15:15 ORD-00002 OUT_FOR_DELIVERY -> DELIVERED rider=D5
2026-08-01T19:30 ORD-00003 NEW -> PLACED
2026-08-01T19:33 ORD-00003 PLACED -> ACCEPTED
2026-08-01T19:33 ORD-00003 ACCEPTED -> PREPARING
2026-08-01T19:55 ORD-00003 PREPARING -> READY
2026-08-01T19:55 ORD-00003 READY -> ASSIGNED rider=D1
2026-08-01T20:01 ORD-00003 ASSIGNED -> OUT_FOR_DELIVERY rider=D1
2026-08-01T20:14 ORD-00003 OUT_FOR_DELIVERY -> DELIVERED rider=D1
2026-08-02T20:48 ORD-00004 NEW -> PLACED
2026-08-02T20:51 ORD-00004 PLACED -> ACCEPTED
2026-08-02T20:51 ORD-00004 ACCEPTED -> PREPARING
2026-08-02T21:06 ORD-00004 PREPARING -> READY
2026-08-02T21:06 ORD-00004 READY -> ASSIGNED rider=D3
2026-08-02T21:14 ORD-00004 ASSIGNED -> OUT_FOR_DELIVERY rider=D3
2026-08-02T21:32 ORD-00004 OUT_FOR_DELIVERY -> DELIVERED rider=D3
2026-08-03T20:20 ORD-00005 NEW -> PLACED
2026-08-03T20:23 ORD-00005 PLACED -> ACCEPTED
2026-08-03T20:23 ORD-00005 ACCEPTED -> PREPARING
2026-08-03T20:50 ORD-00005 PREPARING -> READY
2026-08-03T20:50 ORD-00005 READY -> ASSIGNED rider=D3
2026-08-03T20:58 ORD-00005 ASSIGNED -> OUT_FOR_DELIVERY rider=D3
2026-08-03T21:22 ORD-00005 OUT_FOR_DELIVERY -> DELIVERED rider=D3
2026-08-04T21:46 ORD-00006 NEW -> PLACED
2026-08-04T21:49 ORD-00006 PLACED -> ACCEPTED
2026-08-04T21:49 ORD-00006 ACCEPTED -> PREPARING
2026-08-04T22:05 ORD-00006 PREPARING -> READY
2026-08-04T22:05 ORD-00006 READY -> ASSIGNED rider=D1
2026-08-04T22:13 ORD-00006 ASSIGNED -> OUT_FOR_DELIVERY rider=D1
2026-08-04T22:28 ORD-00006 OUT_FOR_DELIVERY -> DELIVERED rider=D1
2026-08-05T21:36 ORD-00007 NEW -> PLACED
2026-08-05T21:39 ORD-00007 PLACED -> ACCEPTED
2026-08-05T21:39 ORD-00007 ACCEPTED -> PREPARING
2026-08-05T22:03 ORD-00007 PREPARING -> READY
2026-08-05T22:03 ORD-00007 READY -> ASSIGNED rider=D5
2026-08-05T22:08 ORD-00007 ASSIGNED -> OUT_FOR_DELIVERY rider=D5
2026-08-05T22:35 ORD-00007 OUT_FOR_DELIVERY -> DELIVERED rider=D5
2026-08-06T22:30 ORD-00008 NEW -> PLACED
2026-08-06T22:33 ORD-00008 PLACED -> ACCEPTED
2026-08-06T22:33 ORD-00008 ACCEPTED -> PREPARING
2026-08-06T22:51 ORD-00008 PREPARING -> READY
2026-08-06T22:51 ORD-00008 READY -> ASSIGNED rider=D3
2026-08-06T22:59 ORD-00008 ASSIGNED -> OUT_FOR_DELIVERY rider=D3
2026-08-06T23:29 ORD-00008 OUT_FOR_DELIVERY -> DELIVERED rider=D3
2026-08-07T15:31 ORD-00009 NEW -> PLACED
2026-08-07T15:34 ORD-00009 PLACED -> ACCEPTED
2026-08-07T15:34 ORD-00009 ACCEPTED -> PREPARING
2026-08-07T15:56 ORD-00009 PREPARING -> READY
2026-08-07T15:56 ORD-00009 READY -> ASSIGNED rider=D1
2026-08-07T16:03 ORD-00009 ASSIGNED -> OUT_FOR_DELIVERY rider=D1
2026-08-07T16:33 ORD-00009 OUT_FOR_DELIVERY -> DELIVERED rider=D1
2026-08-07T20:30 ORD-00010 NEW -> PLACED
2026-08-07T20:33 ORD-00010 PLACED -> ACCEPTED
2026-08-07T20:33 ORD-00010 ACCEPTED -> PREPARING
2026-08-07T20:52 ORD-00010 PREPARING -> READY
2026-08-07T20:52 ORD-00010 READY -> ASSIGNED rider=D2
2026-08-07T20:58 ORD-00010 ASSIGNED -> OUT_FOR_DELIVERY rider=D2
2026-08-07T21:19 ORD-00010 OUT_FOR_DELIVERY -> DELIVERED rider=D2
2026-08-08T13:45 ORD-00011 NEW -> PLACED
2026-08-08T13:48 ORD-00011 PLACED -> ACCEPTED
2026-08-08T13:48 ORD-00011 ACCEPTED -> PREPARING
2026-08-08T14:07 ORD-00011 PREPARING -> READY
2026-08-08T14:07 ORD-00011 READY -> ASSIGNED rider=D5
2026-08-08T14:12 ORD-00011 ASSIGNED -> OUT_FOR_DELIVERY rider=D5
2026-08-08T14:46 ORD-00011 OUT_FOR_DELIVERY -> DELIVERED rider=D5
2026-08-09T14:01 ORD-00012 NEW -> PLACED
2026-08-09T14:04 ORD-00012 PLACED -> ACCEPTED
2026-08-09T14:04 ORD-00012 ACCEPTED -> PREPARING
2026-08-09T14:30 ORD-00012 PREPARING -> READY
2026-08-09T14:30 ORD-00012 READY -> ASSIGNED rider=D3
2026-08-09T14:35 ORD-00012 ASSIGNED -> OUT_FOR_DELIVERY rider=D3
2026-08-09T14:53 ORD-00012 OUT_FOR_DELIVERY -> DELIVERED rider=D3
2026-08-10T19:44 ORD-00013 NEW -> PLACED
2026-08-10T19:47 ORD-00013 PLACED -> ACCEPTED
2026-08-10T19:47 ORD-00013 ACCEPTED -> PREPARING
2026-08-10T20:16 ORD-00013 PREPARING -> READY
2026-08-10T20:16 ORD-00013 READY -> ASSIGNED rider=D1
2026-08-10T20:21 ORD-00013 ASSIGNED -> OUT_FOR_DELIVERY rider=D1
2026-08-10T20:48 ORD-00013 OUT_FOR_DELIVERY -> DELIVERED rider=D1
2026-08-10T20:59 ORD-00014 NEW -> PLACED
2026-08-10T21:02 ORD-00014 PLACED -> ACCEPTED
2026-08-10T21:02 ORD-00014 ACCEPTED -> PREPARING
2026-08-10T21:19 ORD-00014 PREPARING -> READY
2026-08-10T21:19 ORD-00014 READY -> ASSIGNED rider=D1
2026-08-10T21:26 ORD-00014 ASSIGNED -> OUT_FOR_DELIVERY rider=D1
2026-08-10T21:58 ORD-00014 OUT_FOR_DELIVERY -> DELIVERED rider=D1
2026-08-11T20:55 ORD-00015 NEW -> PLACED
2026-08-11T20:58 ORD-00015 PLACED -> ACCEPTED
2026-08-11T20:58 ORD-00015 ACCEPTED -> PREPARING
2026-08-11T21:13 ORD-00015 PREPARING -> READY
2026-08-11T21:13 ORD-00015 READY -> ASSIGNED rider=D5
2026-08-11T21:22 ORD-00015 ASSIGNED -> OUT_FOR_DELIVERY rider=D5
2026-08-11T21:50 ORD-00015 OUT_FOR_DELIVERY -> DELIVERED rider=D5
2026-08-12T21:20 ORD-00016 NEW -> PLACED
2026-08-12T21:23 ORD-00016 PLACED -> ACCEPTED
2026-08-12T21:23 ORD-00016 ACCEPTED -> PREPARING
2026-08-12T21:48 ORD-00016 PREPARING -> READY
2026-08-12T21:48 ORD-00016 READY -> ASSIGNED rider=D3
2026-08-12T21:56 ORD-00016 ASSIGNED -> OUT_FOR_DELIVERY rider=D3
2026-08-12T22:29 ORD-00016 OUT_FOR_DELIVERY -> DELIVERED rider=D3
2026-08-12T21:10 ORD-00017 NEW -> PLACED
2026-08-12T21:13 ORD-00017 PLACED -> ACCEPTED
2026-08-12T21:13 ORD-00017 ACCEPTED -> PREPARING
2026-08-12T21:37 ORD-00017 PREPARING -> READY
2026-08-12T21:37 ORD-00017 READY -> ASSIGNED rider=D4
2026-08-12T21:44 ORD-00017 ASSIGNED -> OUT_FOR_DELIVERY rider=D4
2026-08-12T22:20 ORD-00017 OUT_FOR_DELIVERY -> DELIVERED rider=D4
2026-08-13T22:28 ORD-00018 NEW -> PLACED
2026-08-13T22:31 ORD-00018 PLACED -> ACCEPTED
2026-08-13T22:31 ORD-00018 ACCEPTED -> PREPARING
2026-08-13T22:50 ORD-00018 PREPARING -> READY
2026-08-13T22:50 ORD-00018 READY -> ASSIGNED rider=D2
2026-08-13T22:55 ORD-00018 ASSIGNED -> OUT_FOR_DELIVERY rider=D2
2026-08-13T23:27 ORD-00018 OUT_FOR_DELIVERY -> DELIVERED rider=D2
2026-08-13T15:25 ORD-00019 NEW -> PLACED
2026-08-13T15:28 ORD-00019 PLACED -> ACCEPTED
2026-08-13T15:28 ORD-00019 ACCEPTED -> PREPARING
2026-08-13T15:46 ORD-00019 PREPARING -> READY
2026-08-13T15:46 ORD-00019 READY -> ASSIGNED rider=D1
2026-08-13T15:53 ORD-00019 ASSIGNED -> OUT_FOR_DELIVERY rider=D1
2026-08-13T16:29 ORD-00019 OUT_FOR_DELIVERY -> DELIVERED rider=D1
2026-08-14T20:00 ORD-00020 NEW -> PLACED
2026-08-14T20:03 ORD-00020 PLACED -> ACCEPTED
2026-08-14T20:03 ORD-00020 ACCEPTED -> PREPARING
2026-08-14T20:22 ORD-00020 PREPARING -> READY
2026-08-14T20:22 ORD-00020 READY -> ASSIGNED rider=D2
2026-08-14T20:28 ORD-00020 ASSIGNED -> OUT_FOR_DELIVERY rider=D2
2026-08-14T20:42 ORD-00020 OUT_FOR_DELIVERY -> DELIVERED rider=D2
2026-08-15T13:00 ORD-00021 NEW -> PLACED
2026-08-15T13:03 ORD-00021 PLACED -> ACCEPTED
2026-08-15T13:03 ORD-00021 ACCEPTED -> PREPARING
2026-08-15T13:27 ORD-00021 PREPARING -> READY
2026-08-15T13:27 ORD-00021 READY -> ASSIGNED rider=D2
2026-08-15T13:36 ORD-00021 ASSIGNED -> OUT_FOR_DELIVERY rider=D2
2026-08-15T13:52 ORD-00021 OUT_FOR_DELIVERY -> DELIVERED rider=D2
2026-08-16T14:27 ORD-00022 NEW -> PLACED
2026-08-16T14:30 ORD-00022 PLACED -> ACCEPTED
2026-08-16T14:30 ORD-00022 ACCEPTED -> PREPARING
2026-08-16T14:52 ORD-00022 PREPARING -> READY
2026-08-16T14:52 ORD-00022 READY -> ASSIGNED rider=D2
2026-08-16T14:59 ORD-00022 ASSIGNED -> OUT_FOR_DELIVERY rider=D2
2026-08-16T15:28 ORD-00022 OUT_FOR_DELIVERY -> DELIVERED rider=D2
2026-08-16T19:28 ORD-00023 NEW -> PLACED
2026-08-16T19:31 ORD-00023 PLACED -> ACCEPTED
2026-08-16T19:31 ORD-00023 ACCEPTED -> PREPARING
2026-08-16T19:52 ORD-00023 PREPARING -> READY
2026-08-16T19:52 ORD-00023 READY -> ASSIGNED rider=D2
2026-08-16T19:59 ORD-00023 ASSIGNED -> OUT_FOR_DELIVERY rider=D2
2026-08-16T20:21 ORD-00023 OUT_FOR_DELIVERY -> DELIVERED rider=D2
2026-08-17T20:10 ORD-00024 NEW -> PLACED
2026-08-17T20:13 ORD-00024 PLACED -> ACCEPTED
2026-08-17T20:13 ORD-00024 ACCEPTED -> PREPARING
2026-08-17T20:32 ORD-00024 PREPARING -> READY
2026-08-17T20:32 ORD-00024 READY -> ASSIGNED rider=D5
2026-08-17T20:40 ORD-00024 ASSIGNED -> OUT_FOR_DELIVERY rider=D5
2026-08-17T20:57 ORD-00024 OUT_FOR_DELIVERY -> DELIVERED rider=D5
2026-08-17T20:02 ORD-00025 NEW -> PLACED
2026-08-17T20:05 ORD-00025 PLACED -> ACCEPTED
2026-08-17T20:05 ORD-00025 ACCEPTED -> PREPARING
2026-08-17T20:32 ORD-00025 PREPARING -> READY
2026-08-17T20:32 ORD-00025 READY -> ASSIGNED rider=D4
2026-08-17T20:38 ORD-00025 ASSIGNED -> OUT_FOR_DELIVERY rider=D4
2026-08-17T20:50 ORD-00025 OUT_FOR_DELIVERY -> DELIVERED rider=D4
2026-08-18T21:15 ORD-00026 NEW -> PLACED
2026-08-18T21:18 ORD-00026 PLACED -> ACCEPTED
2026-08-18T21:18 ORD-00026 ACCEPTED -> PREPARING
2026-08-18T21:47 ORD-00026 PREPARING -> READY
2026-08-18T21:47 ORD-00026 READY -> ASSIGNED rider=D3
2026-08-18T21:52 ORD-00026 ASSIGNED -> OUT_FOR_DELIVERY rider=D3
2026-08-18T22:24 ORD-00026 OUT_FOR_DELIVERY -> DELIVERED rider=D3
2026-08-19T21:44 ORD-00027 NEW -> PLACED
2026-08-19T21:47 ORD-00027 PLACED -> ACCEPTED
2026-08-19T21:47 ORD-00027 ACCEPTED -> PREPARING
2026-08-19T22:08 ORD-00027 PREPARING -> READY
2026-08-19T22:08 ORD-00027 READY -> ASSIGNED rider=D2
2026-08-19T22:17 ORD-00027 ASSIGNED -> OUT_FOR_DELIVERY rider=D2
2026-08-19T22:41 ORD-00027 OUT_FOR_DELIVERY -> DELIVERED rider=D2
2026-08-19T22:44 ORD-00028 NEW -> PLACED
2026-08-19T22:47 ORD-00028 PLACED -> ACCEPTED
2026-08-19T22:47 ORD-00028 ACCEPTED -> PREPARING
2026-08-19T23:03 ORD-00028 PREPARING -> READY
2026-08-19T23:03 ORD-00028 READY -> ASSIGNED rider=D1
2026-08-19T23:09 ORD-00028 ASSIGNED -> OUT_FOR_DELIVERY rider=D1
2026-08-19T23:43 ORD-00028 OUT_FOR_DELIVERY -> DELIVERED rider=D1
2026-08-20T15:44 ORD-00029 NEW -> PLACED
2026-08-20T15:47 ORD-00029 PLACED -> ACCEPTED
2026-08-20T15:47 ORD-00029 ACCEPTED -> PREPARING
2026-08-20T16:13 ORD-00029 PREPARING -> READY
2026-08-20T16:13 ORD-00029 READY -> ASSIGNED rider=D5
2026-08-20T16:19 ORD-00029 ASSIGNED -> OUT_FOR_DELIVERY rider=D5
2026-08-20T16:34 ORD-00029 OUT_FOR_DELIVERY -> DELIVERED rider=D5
2026-08-21T20:45 ORD-00030 NEW -> PLACED
2026-08-21T20:48 ORD-00030 PLACED -> ACCEPTED
2026-08-21T20:48 ORD-00030 ACCEPTED -> PREPARING
2026-08-21T21:15 ORD-00030 PREPARING -> READY
2026-08-21T21:15 ORD-00030 READY -> ASSIGNED rider=D3
2026-08-21T21:21 ORD-00030 ASSIGNED -> OUT_FOR_DELIVERY rider=D3
2026-08-21T21:44 ORD-00030 OUT_FOR_DELIVERY -> DELIVERED rider=D3
2026-08-22T13:46 ORD-00031 NEW -> PLACED
2026-08-22T13:49 ORD-00031 PLACED -> ACCEPTED
2026-08-22T13:49 ORD-00031 ACCEPTED -> PREPARING
2026-08-22T14:13 ORD-00031 PREPARING -> READY
2026-08-22T14:13 ORD-00031 READY -> ASSIGNED rider=D2
2026-08-22T14:18 ORD-00031 ASSIGNED -> OUT_FOR_DELIVERY rider=D2
2026-08-22T14:53 ORD-00031 OUT_FOR_DELIVERY -> DELIVERED rider=D2
2026-08-22T14:49 ORD-00032 NEW -> PLACED
2026-08-22T14:52 ORD-00032 PLACED -> ACCEPTED
2026-08-22T14:52 ORD-00032 ACCEPTED -> PREPARING
2026-08-22T15:19 ORD-00032 PREPARING -> READY
2026-08-22T15:19 ORD-00032 READY -> ASSIGNED rider=D2
2026-08-22T15:28 ORD-00032 ASSIGNED -> OUT_FOR_DELIVERY rider=D2
2026-08-22T16:01 ORD-00032 OUT_FOR_DELIVERY -> DELIVERED rider=D2
2026-08-23T19:37 ORD-00033 NEW -> PLACED
2026-08-23T19:40 ORD-00033 PLACED -> ACCEPTED
2026-08-23T19:40 ORD-00033 ACCEPTED -> PREPARING
2026-08-23T20:05 ORD-00033 PREPARING -> READY
2026-08-23T20:05 ORD-00033 READY -> ASSIGNED rider=D5
2026-08-23T20:11 ORD-00033 ASSIGNED -> OUT_FOR_DELIVERY rider=D5
2026-08-23T20:46 ORD-00033 OUT_FOR_DELIVERY -> DELIVERED rider=D5
2026-08-24T20:04 ORD-00034 NEW -> PLACED
2026-08-24T20:07 ORD-00034 PLACED -> ACCEPTED
2026-08-24T20:07 ORD-00034 ACCEPTED -> PREPARING
2026-08-24T20:34 ORD-00034 PREPARING -> READY
2026-08-24T20:34 ORD-00034 READY -> ASSIGNED rider=D3
2026-08-24T20:43 ORD-00034 ASSIGNED -> OUT_FOR_DELIVERY rider=D3
2026-08-24T21:04 ORD-00034 OUT_FOR_DELIVERY -> DELIVERED rider=D3
2026-08-25T20:51 ORD-00035 NEW -> PLACED
2026-08-25T20:54 ORD-00035 PLACED -> ACCEPTED
2026-08-25T20:54 ORD-00035 ACCEPTED -> PREPARING
2026-08-25T21:15 ORD-00035 PREPARING -> READY
2026-08-25T21:15 ORD-00035 READY -> ASSIGNED rider=D1
2026-08-25T21:23 ORD-00035 ASSIGNED -> OUT_FOR_DELIVERY rider=D1
2026-08-25T21:53 ORD-00035 OUT_FOR_DELIVERY -> DELIVERED rider=D1
2026-08-25T21:27 ORD-00036 NEW -> PLACED
2026-08-25T21:30 ORD-00036 PLACED -> ACCEPTED
2026-08-25T21:30 ORD-00036 ACCEPTED -> PREPARING
2026-08-25T21:56 ORD-00036 PREPARING -> READY
2026-08-25T21:56 ORD-00036 READY -> ASSIGNED rider=D2
2026-08-25T22:05 ORD-00036 ASSIGNED -> OUT_FOR_DELIVERY rider=D2
2026-08-25T22:36 ORD-00036 OUT_FOR_DELIVERY -> DELIVERED rider=D2
2026-08-26T21:15 ORD-00037 NEW -> PLACED
2026-08-26T21:18 ORD-00037 PLACED -> ACCEPTED
2026-08-26T21:18 ORD-00037 ACCEPTED -> PREPARING
2026-08-26T21:35 ORD-00037 PREPARING -> READY
2026-08-26T21:35 ORD-00037 READY -> ASSIGNED rider=D5
2026-08-26T21:44 ORD-00037 ASSIGNED -> OUT_FOR_DELIVERY rider=D5
2026-08-26T22:17 ORD-00037 OUT_FOR_DELIVERY -> DELIVERED rider=D5
2026-08-27T22:20 ORD-00038 NEW -> PLACED
2026-08-27T22:23 ORD-00038 PLACED -> ACCEPTED
2026-08-27T22:23 ORD-00038 ACCEPTED -> PREPARING
2026-08-27T22:46 ORD-00038 PREPARING -> READY
2026-08-27T22:46 ORD-00038 READY -> ASSIGNED rider=D3
2026-08-27T22:56 ORD-00038 ASSIGNED -> OUT_FOR_DELIVERY rider=D3
2026-08-27T23:11 ORD-00038 OUT_FOR_DELIVERY -> DELIVERED rider=D3
2026-08-28T15:29 ORD-00039 NEW -> PLACED
2026-08-28T15:32 ORD-00039 PLACED -> ACCEPTED
2026-08-28T15:32 ORD-00039 ACCEPTED -> PREPARING
2026-08-28T15:50 ORD-00039 PREPARING -> READY
2026-08-28T15:50 ORD-00039 READY -> ASSIGNED rider=D1
2026-08-28T16:00 ORD-00039 ASSIGNED -> OUT_FOR_DELIVERY rider=D1
2026-08-28T16:33 ORD-00039 OUT_FOR_DELIVERY -> DELIVERED rider=D1
2026-08-28T20:07 ORD-00040 NEW -> PLACED
2026-08-28T20:10 ORD-00040 PLACED -> ACCEPTED
2026-08-28T20:10 ORD-00040 ACCEPTED -> PREPARING
2026-08-28T20:33 ORD-00040 PREPARING -> READY
2026-08-28T20:33 ORD-00040 READY -> ASSIGNED rider=D1
2026-08-28T20:38 ORD-00040 ASSIGNED -> OUT_FOR_DELIVERY rider=D1
2026-08-28T20:59 ORD-00040 OUT_FOR_DELIVERY -> DELIVERED rider=D1
2026-08-29T13:06 ORD-00041 NEW -> PLACED
2026-08-29T13:09 ORD-00041 PLACED -> ACCEPTED
2026-08-29T13:09 ORD-00041 ACCEPTED -> PREPARING
2026-08-29T13:38 ORD-00041 PREPARING -> READY
2026-08-29T13:38 ORD-00041 READY -> ASSIGNED rider=D5
2026-08-29T13:46 ORD-00041 ASSIGNED -> OUT_FOR_DELIVERY rider=D5
2026-08-29T14:11 ORD-00041 OUT_FOR_DELIVERY -> DELIVERED rider=D5
2026-08-30T14:38 ORD-00042 NEW -> PLACED
2026-08-30T14:41 ORD-00042 PLACED -> ACCEPTED
2026-08-30T14:41 ORD-00042 ACCEPTED -> PREPARING
2026-08-30T15:09 ORD-00042 PREPARING -> READY
2026-08-30T15:09 ORD-00042 READY -> ASSIGNED rider=D3
2026-08-30T15:19 ORD-00042 ASSIGNED -> OUT_FOR_DELIVERY rider=D3
2026-08-30T15:42 ORD-00042 OUT_FOR_DELIVERY -> DELIVERED rider=D3
2026-08-31T19:41 ORD-00043 NEW -> PLACED
2026-08-31T19:44 ORD-00043 PLACED -> ACCEPTED
2026-08-31T19:44 ORD-00043 ACCEPTED -> PREPARING
2026-08-31T19:59 ORD-00043 PREPARING -> READY
2026-08-31T19:59 ORD-00043 READY -> ASSIGNED rider=D2
2026-08-31T20:06 ORD-00043 ASSIGNED -> OUT_FOR_DELIVERY rider=D2
2026-08-31T20:39 ORD-00043 OUT_FOR_DELIVERY -> DELIVERED rider=D2
2026-09-03T20:44 ORD-00044 NEW -> PLACED
2026-09-03T20:47 ORD-00044 PLACED -> ACCEPTED
2026-09-03T20:47 ORD-00044 ACCEPTED -> PREPARING
2026-09-03T21:03 ORD-00044 PREPARING -> READY
2026-09-03T21:03 ORD-00044 READY -> ASSIGNED rider=D1
2026-09-03T21:12 ORD-00044 ASSIGNED -> OUT_FOR_DELIVERY rider=D1
2026-09-03T21:31 ORD-00044 OUT_FOR_DELIVERY -> DELIVERED rider=D1
2026-09-06T20:04 ORD-00045 NEW -> PLACED
2026-09-06T20:07 ORD-00045 PLACED -> ACCEPTED
2026-09-06T20:07 ORD-00045 ACCEPTED -> PREPARING
2026-09-06T20:29 ORD-00045 PREPARING -> READY
2026-09-06T20:29 ORD-00045 READY -> ASSIGNED rider=D2
2026-09-06T20:34 ORD-00045 ASSIGNED -> OUT_FOR_DELIVERY rider=D2
2026-09-06T20:52 ORD-00045 OUT_FOR_DELIVERY -> DELIVERED rider=D2
2026-09-06T21:36 ORD-00046 NEW -> PLACED
2026-09-06T21:39 ORD-00046 PLACED -> ACCEPTED
2026-09-06T21:39 ORD-00046 ACCEPTED -> PREPARING
2026-09-06T22:01 ORD-00046 PREPARING -> READY
2026-09-06T22:01 ORD-00046 READY -> ASSIGNED rider=D4
2026-09-06T22:09 ORD-00046 ASSIGNED -> OUT_FOR_DELIVERY rider=D4
2026-09-06T22:37 ORD-00046 OUT_FOR_DELIVERY -> DELIVERED rider=D4
2026-09-09T21:49 ORD-00047 NEW -> PLACED
2026-09-09T21:52 ORD-00047 PLACED -> ACCEPTED
2026-09-09T21:52 ORD-00047 ACCEPTED -> PREPARING
2026-09-09T22:18 ORD-00047 PREPARING -> READY
2026-09-09T22:18 ORD-00047 READY -> ASSIGNED rider=D1
2026-09-09T22:27 ORD-00047 ASSIGNED -> OUT_FOR_DELIVERY rider=D1
2026-09-09T22:53 ORD-00047 OUT_FOR_DELIVERY -> DELIVERED rider=D1
2026-09-14T22:27 ORD-00048 NEW -> PLACED
2026-09-14T22:30 ORD-00048 PLACED -> ACCEPTED
2026-09-14T22:30 ORD-00048 ACCEPTED -> PREPARING
2026-09-14T22:46 ORD-00048 PREPARING -> READY
2026-09-14T22:46 ORD-00048 READY -> ASSIGNED rider=D4
2026-09-14T22:55 ORD-00048 ASSIGNED -> OUT_FOR_DELIVERY rider=D4
2026-09-14T23:15 ORD-00048 OUT_FOR_DELIVERY -> DELIVERED rider=D4
2026-09-20T15:28 ORD-00049 NEW -> PLACED
2026-09-20T15:31 ORD-00049 PLACED -> ACCEPTED
2026-09-20T15:31 ORD-00049 ACCEPTED -> PREPARING
2026-09-20T15:48 ORD-00049 PREPARING -> READY
2026-09-20T15:48 ORD-00049 READY -> ASSIGNED rider=D2
2026-09-20T15:55 ORD-00049 ASSIGNED -> OUT_FOR_DELIVERY rider=D2
2026-09-20T16:20 ORD-00049 OUT_FOR_DELIVERY -> DELIVERED rider=D2
2026-08-15T22:16:08.794209900 ORD-00050 NEW -> PLACED
2026-08-15T22:16:08.794209900 ORD-00050 PLACED -> CANCELLED
2026-09-26T22:16:09.477559100 ORD-00051 NEW -> PLACED
2026-09-26T22:16:09.479554 ORD-00052 NEW -> PLACED
2026-09-26T22:16:09.480551200 ORD-00052 PLACED -> ACCEPTED
2026-09-26T22:16:09.482544700 ORD-00052 ACCEPTED -> PREPARING
2026-09-26T22:16:09.483815500 ORD-00053 NEW -> PLACED
2026-09-26T22:16:09.485822600 ORD-00053 PLACED -> ACCEPTED
2026-09-26T22:16:09.486813500 ORD-00053 ACCEPTED -> PREPARING
2026-09-26T22:16:09.487853400 ORD-00053 PREPARING -> READY
2026-07-30T13:59 ORD-00001 NEW -> PLACED
2026-07-30T14:02 ORD-00001 PLACED -> ACCEPTED
2026-07-30T14:02 ORD-00001 ACCEPTED -> PREPARING
2026-07-30T14:26 ORD-00001 PREPARING -> READY
2026-07-30T14:26 ORD-00001 READY -> ASSIGNED rider=D1
2026-07-30T14:35 ORD-00001 ASSIGNED -> OUT_FOR_DELIVERY rider=D1
2026-07-30T15:10 ORD-00001 OUT_FOR_DELIVERY -> DELIVERED rider=D1
2026-07-31T14:16 ORD-00002 NEW -> PLACED
2026-07-31T14:19 ORD-00002 PLACED -> ACCEPTED
2026-07-31T14:19 ORD-00002 ACCEPTED -> PREPARING
2026-07-31T14:34 ORD-00002 PREPARING -> READY
2026-07-31T14:34 ORD-00002 READY -> ASSIGNED rider=D5
2026-07-31T14:39 ORD-00002 ASSIGNED -> OUT_FOR_DELIVERY rider=D5
2026-07-31T15:15 ORD-00002 OUT_FOR_DELIVERY -> DELIVERED rider=D5
2026-08-01T19:30 ORD-00003 NEW -> PLACED
2026-08-01T19:33 ORD-00003 PLACED -> ACCEPTED
2026-08-01T19:33 ORD-00003 ACCEPTED -> PREPARING
2026-08-01T19:55 ORD-00003 PREPARING -> READY
2026-08-01T19:55 ORD-00003 READY -> ASSIGNED rider=D1
2026-08-01T20:01 ORD-00003 ASSIGNED -> OUT_FOR_DELIVERY rider=D1
2026-08-01T20:14 ORD-00003 OUT_FOR_DELIVERY -> DELIVERED rider=D1
2026-08-02T20:48 ORD-00004 NEW -> PLACED
2026-08-02T20:51 ORD-00004 PLACED -> ACCEPTED
2026-08-02T20:51 ORD-00004 ACCEPTED -> PREPARING
2026-08-02T21:06 ORD-00004 PREPARING -> READY
2026-08-02T21:06 ORD-00004 READY -> ASSIGNED rider=D3
2026-08-02T21:14 ORD-00004 ASSIGNED -> OUT_FOR_DELIVERY rider=D3
2026-08-02T21:32 ORD-00004 OUT_FOR_DELIVERY -> DELIVERED rider=D3
2026-08-03T20:20 ORD-00005 NEW -> PLACED
2026-08-03T20:23 ORD-00005 PLACED -> ACCEPTED
2026-08-03T20:23 ORD-00005 ACCEPTED -> PREPARING
2026-08-03T20:50 ORD-00005 PREPARING -> READY
2026-08-03T20:50 ORD-00005 READY -> ASSIGNED rider=D3
2026-08-03T20:58 ORD-00005 ASSIGNED -> OUT_FOR_DELIVERY rider=D3
2026-08-03T21:22 ORD-00005 OUT_FOR_DELIVERY -> DELIVERED rider=D3
2026-08-04T21:46 ORD-00006 NEW -> PLACED
2026-08-04T21:49 ORD-00006 PLACED -> ACCEPTED
2026-08-04T21:49 ORD-00006 ACCEPTED -> PREPARING
2026-08-04T22:05 ORD-00006 PREPARING -> READY
2026-08-04T22:05 ORD-00006 READY -> ASSIGNED rider=D1
2026-08-04T22:13 ORD-00006 ASSIGNED -> OUT_FOR_DELIVERY rider=D1
2026-08-04T22:28 ORD-00006 OUT_FOR_DELIVERY -> DELIVERED rider=D1
2026-08-05T21:36 ORD-00007 NEW -> PLACED
2026-08-05T21:39 ORD-00007 PLACED -> ACCEPTED
2026-08-05T21:39 ORD-00007 ACCEPTED -> PREPARING
2026-08-05T22:03 ORD-00007 PREPARING -> READY
2026-08-05T22:03 ORD-00007 READY -> ASSIGNED rider=D5
2026-08-05T22:08 ORD-00007 ASSIGNED -> OUT_FOR_DELIVERY rider=D5
2026-08-05T22:35 ORD-00007 OUT_FOR_DELIVERY -> DELIVERED rider=D5
2026-08-06T22:30 ORD-00008 NEW -> PLACED
2026-08-06T22:33 ORD-00008 PLACED -> ACCEPTED
2026-08-06T22:33 ORD-00008 ACCEPTED -> PREPARING
2026-08-06T22:51 ORD-00008 PREPARING -> READY
2026-08-06T22:51 ORD-00008 READY -> ASSIGNED rider=D3
2026-08-06T22:59 ORD-00008 ASSIGNED -> OUT_FOR_DELIVERY rider=D3
2026-08-06T23:29 ORD-00008 OUT_FOR_DELIVERY -> DELIVERED rider=D3
2026-08-07T15:31 ORD-00009 NEW -> PLACED
2026-08-07T15:34 ORD-00009 PLACED -> ACCEPTED
2026-08-07T15:34 ORD-00009 ACCEPTED -> PREPARING
2026-08-07T15:56 ORD-00009 PREPARING -> READY
2026-08-07T15:56 ORD-00009 READY -> ASSIGNED rider=D1
2026-08-07T16:03 ORD-00009 ASSIGNED -> OUT_FOR_DELIVERY rider=D1
2026-08-07T16:33 ORD-00009 OUT_FOR_DELIVERY -> DELIVERED rider=D1
2026-08-07T20:30 ORD-00010 NEW -> PLACED
2026-08-07T20:33 ORD-00010 PLACED -> ACCEPTED
2026-08-07T20:33 ORD-00010 ACCEPTED -> PREPARING
2026-08-07T20:52 ORD-00010 PREPARING -> READY
2026-08-07T20:52 ORD-00010 READY -> ASSIGNED rider=D2
2026-08-07T20:58 ORD-00010 ASSIGNED -> OUT_FOR_DELIVERY rider=D2
2026-08-07T21:19 ORD-00010 OUT_FOR_DELIVERY -> DELIVERED rider=D2
2026-08-08T13:45 ORD-00011 NEW -> PLACED
2026-08-08T13:48 ORD-00011 PLACED -> ACCEPTED
2026-08-08T13:48 ORD-00011 ACCEPTED -> PREPARING
2026-08-08T14:07 ORD-00011 PREPARING -> READY
2026-08-08T14:07 ORD-00011 READY -> ASSIGNED rider=D5
2026-08-08T14:12 ORD-00011 ASSIGNED -> OUT_FOR_DELIVERY rider=D5
2026-08-08T14:46 ORD-00011 OUT_FOR_DELIVERY -> DELIVERED rider=D5
2026-08-09T14:01 ORD-00012 NEW -> PLACED
2026-08-09T14:04 ORD-00012 PLACED -> ACCEPTED
2026-08-09T14:04 ORD-00012 ACCEPTED -> PREPARING
2026-08-09T14:30 ORD-00012 PREPARING -> READY
2026-08-09T14:30 ORD-00012 READY -> ASSIGNED rider=D3
2026-08-09T14:35 ORD-00012 ASSIGNED -> OUT_FOR_DELIVERY rider=D3
2026-08-09T14:53 ORD-00012 OUT_FOR_DELIVERY -> DELIVERED rider=D3
2026-08-10T19:44 ORD-00013 NEW -> PLACED
2026-08-10T19:47 ORD-00013 PLACED -> ACCEPTED
2026-08-10T19:47 ORD-00013 ACCEPTED -> PREPARING
2026-08-10T20:16 ORD-00013 PREPARING -> READY
2026-08-10T20:16 ORD-00013 READY -> ASSIGNED rider=D1
2026-08-10T20:21 ORD-00013 ASSIGNED -> OUT_FOR_DELIVERY rider=D1
2026-08-10T20:48 ORD-00013 OUT_FOR_DELIVERY -> DELIVERED rider=D1
2026-08-10T20:59 ORD-00014 NEW -> PLACED
2026-08-10T21:02 ORD-00014 PLACED -> ACCEPTED
2026-08-10T21:02 ORD-00014 ACCEPTED -> PREPARING
2026-08-10T21:19 ORD-00014 PREPARING -> READY
2026-08-10T21:19 ORD-00014 READY -> ASSIGNED rider=D1
2026-08-10T21:26 ORD-00014 ASSIGNED -> OUT_FOR_DELIVERY rider=D1
2026-08-10T21:58 ORD-00014 OUT_FOR_DELIVERY -> DELIVERED rider=D1
2026-08-11T20:55 ORD-00015 NEW -> PLACED
2026-08-11T20:58 ORD-00015 PLACED -> ACCEPTED
2026-08-11T20:58 ORD-00015 ACCEPTED -> PREPARING
2026-08-11T21:13 ORD-00015 PREPARING -> READY
2026-08-11T21:13 ORD-00015 READY -> ASSIGNED rider=D5
2026-08-11T21:22 ORD-00015 ASSIGNED -> OUT_FOR_DELIVERY rider=D5
2026-08-11T21:50 ORD-00015 OUT_FOR_DELIVERY -> DELIVERED rider=D5
2026-08-12T21:20 ORD-00016 NEW -> PLACED
2026-08-12T21:23 ORD-00016 PLACED -> ACCEPTED
2026-08-12T21:23 ORD-00016 ACCEPTED -> PREPARING
2026-08-12T21:48 ORD-00016 PREPARING -> READY
2026-08-12T21:48 ORD-00016 READY -> ASSIGNED rider=D3
2026-08-12T21:56 ORD-00016 ASSIGNED -> OUT_FOR_DELIVERY rider=D3
2026-08-12T22:29 ORD-00016 OUT_FOR_DELIVERY -> DELIVERED rider=D3
2026-08-12T21:10 ORD-00017 NEW -> PLACED
2026-08-12T21:13 ORD-00017 PLACED -> ACCEPTED
2026-08-12T21:13 ORD-00017 ACCEPTED -> PREPARING
2026-08-12T21:37 ORD-00017 PREPARING -> READY
2026-08-12T21:37 ORD-00017 READY -> ASSIGNED rider=D4
2026-08-12T21:44 ORD-00017 ASSIGNED -> OUT_FOR_DELIVERY rider=D4
2026-08-12T22:20 ORD-00017 OUT_FOR_DELIVERY -> DELIVERED rider=D4
2026-08-13T22:28 ORD-00018 NEW -> PLACED
2026-08-13T22:31 ORD-00018 PLACED -> ACCEPTED
2026-08-13T22:31 ORD-00018 ACCEPTED -> PREPARING
2026-08-13T22:50 ORD-00018 PREPARING -> READY
2026-08-13T22:50 ORD-00018 READY -> ASSIGNED rider=D2
2026-08-13T22:55 ORD-00018 ASSIGNED -> OUT_FOR_DELIVERY rider=D2
2026-08-13T23:27 ORD-00018 OUT_FOR_DELIVERY -> DELIVERED rider=D2
2026-08-13T15:25 ORD-00019 NEW -> PLACED
2026-08-13T15:28 ORD-00019 PLACED -> ACCEPTED
2026-08-13T15:28 ORD-00019 ACCEPTED -> PREPARING
2026-08-13T15:46 ORD-00019 PREPARING -> READY
2026-08-13T15:46 ORD-00019 READY -> ASSIGNED rider=D1
2026-08-13T15:53 ORD-00019 ASSIGNED -> OUT_FOR_DELIVERY rider=D1
2026-08-13T16:29 ORD-00019 OUT_FOR_DELIVERY -> DELIVERED rider=D1
2026-08-14T20:00 ORD-00020 NEW -> PLACED
2026-08-14T20:03 ORD-00020 PLACED -> ACCEPTED
2026-08-14T20:03 ORD-00020 ACCEPTED -> PREPARING
2026-08-14T20:22 ORD-00020 PREPARING -> READY
2026-08-14T20:22 ORD-00020 READY -> ASSIGNED rider=D2
2026-08-14T20:28 ORD-00020 ASSIGNED -> OUT_FOR_DELIVERY rider=D2
2026-08-14T20:42 ORD-00020 OUT_FOR_DELIVERY -> DELIVERED rider=D2
2026-08-15T13:00 ORD-00021 NEW -> PLACED
2026-08-15T13:03 ORD-00021 PLACED -> ACCEPTED
2026-08-15T13:03 ORD-00021 ACCEPTED -> PREPARING
2026-08-15T13:27 ORD-00021 PREPARING -> READY
2026-08-15T13:27 ORD-00021 READY -> ASSIGNED rider=D2
2026-08-15T13:36 ORD-00021 ASSIGNED -> OUT_FOR_DELIVERY rider=D2
2026-08-15T13:52 ORD-00021 OUT_FOR_DELIVERY -> DELIVERED rider=D2
2026-08-16T14:27 ORD-00022 NEW -> PLACED
2026-08-16T14:30 ORD-00022 PLACED -> ACCEPTED
2026-08-16T14:30 ORD-00022 ACCEPTED -> PREPARING
2026-08-16T14:52 ORD-00022 PREPARING -> READY
2026-08-16T14:52 ORD-00022 READY -> ASSIGNED rider=D2
2026-08-16T14:59 ORD-00022 ASSIGNED -> OUT_FOR_DELIVERY rider=D2
2026-08-16T15:28 ORD-00022 OUT_FOR_DELIVERY -> DELIVERED rider=D2
2026-08-16T19:28 ORD-00023 NEW -> PLACED
2026-08-16T19:31 ORD-00023 PLACED -> ACCEPTED
2026-08-16T19:31 ORD-00023 ACCEPTED -> PREPARING
2026-08-16T19:52 ORD-00023 PREPARING -> READY
2026-08-16T19:52 ORD-00023 READY -> ASSIGNED rider=D2
2026-08-16T19:59 ORD-00023 ASSIGNED -> OUT_FOR_DELIVERY rider=D2
2026-08-16T20:21 ORD-00023 OUT_FOR_DELIVERY -> DELIVERED rider=D2
2026-08-17T20:10 ORD-00024 NEW -> PLACED
2026-08-17T20:13 ORD-00024 PLACED -> ACCEPTED
2026-08-17T20:13 ORD-00024 ACCEPTED -> PREPARING
2026-08-17T20:32 ORD-00024 PREPARING -> READY
2026-08-17T20:32 ORD-00024 READY -> ASSIGNED rider=D5
2026-08-17T20:40 ORD-00024 ASSIGNED -> OUT_FOR_DELIVERY rider=D5
2026-08-17T20:57 ORD-00024 OUT_FOR_DELIVERY -> DELIVERED rider=D5
2026-08-17T20:02 ORD-00025 NEW -> PLACED
2026-08-17T20:05 ORD-00025 PLACED -> ACCEPTED
2026-08-17T20:05 ORD-00025 ACCEPTED -> PREPARING
2026-08-17T20:32 ORD-00025 PREPARING -> READY
2026-08-17T20:32 ORD-00025 READY -> ASSIGNED rider=D4
2026-08-17T20:38 ORD-00025 ASSIGNED -> OUT_FOR_DELIVERY rider=D4
2026-08-17T20:50 ORD-00025 OUT_FOR_DELIVERY -> DELIVERED rider=D4
2026-08-18T21:15 ORD-00026 NEW -> PLACED
2026-08-18T21:18 ORD-00026 PLACED -> ACCEPTED
2026-08-18T21:18 ORD-00026 ACCEPTED -> PREPARING
2026-08-18T21:47 ORD-00026 PREPARING -> READY
2026-08-18T21:47 ORD-00026 READY -> ASSIGNED rider=D3
2026-08-18T21:52 ORD-00026 ASSIGNED -> OUT_FOR_DELIVERY rider=D3
2026-08-18T22:24 ORD-00026 OUT_FOR_DELIVERY -> DELIVERED rider=D3
2026-08-19T21:44 ORD-00027 NEW -> PLACED
2026-08-19T21:47 ORD-00027 PLACED -> ACCEPTED
2026-08-19T21:47 ORD-00027 ACCEPTED -> PREPARING
2026-08-19T22:08 ORD-00027 PREPARING -> READY
2026-08-19T22:08 ORD-00027 READY -> ASSIGNED rider=D2
2026-08-19T22:17 ORD-00027 ASSIGNED -> OUT_FOR_DELIVERY rider=D2
2026-08-19T22:41 ORD-00027 OUT_FOR_DELIVERY -> DELIVERED rider=D2
2026-08-19T22:44 ORD-00028 NEW -> PLACED
2026-08-19T22:47 ORD-00028 PLACED -> ACCEPTED
2026-08-19T22:47 ORD-00028 ACCEPTED -> PREPARING
2026-08-19T23:03 ORD-00028 PREPARING -> READY
2026-08-19T23:03 ORD-00028 READY -> ASSIGNED rider=D1
2026-08-19T23:09 ORD-00028 ASSIGNED -> OUT_FOR_DELIVERY rider=D1
2026-08-19T23:43 ORD-00028 OUT_FOR_DELIVERY -> DELIVERED rider=D1
2026-08-20T15:44 ORD-00029 NEW -> PLACED
2026-08-20T15:47 ORD-00029 PLACED -> ACCEPTED
2026-08-20T15:47 ORD-00029 ACCEPTED -> PREPARING
2026-08-20T16:13 ORD-00029 PREPARING -> READY
2026-08-20T16:13 ORD-00029 READY -> ASSIGNED rider=D5
2026-08-20T16:19 ORD-00029 ASSIGNED -> OUT_FOR_DELIVERY rider=D5
2026-08-20T16:34 ORD-00029 OUT_FOR_DELIVERY -> DELIVERED rider=D5
2026-08-21T20:45 ORD-00030 NEW -> PLACED
2026-08-21T20:48 ORD-00030 PLACED -> ACCEPTED
2026-08-21T20:48 ORD-00030 ACCEPTED -> PREPARING
2026-08-21T21:15 ORD-00030 PREPARING -> READY
2026-08-21T21:15 ORD-00030 READY -> ASSIGNED rider=D3
2026-08-21T21:21 ORD-00030 ASSIGNED -> OUT_FOR_DELIVERY rider=D3
2026-08-21T21:44 ORD-00030 OUT_FOR_DELIVERY -> DELIVERED rider=D3
2026-08-22T13:46 ORD-00031 NEW -> PLACED
2026-08-22T13:49 ORD-00031 PLACED -> ACCEPTED
2026-08-22T13:49 ORD-00031 ACCEPTED -> PREPARING
2026-08-22T14:13 ORD-00031 PREPARING -> READY
2026-08-22T14:13 ORD-00031 READY -> ASSIGNED rider=D2
2026-08-22T14:18 ORD-00031 ASSIGNED -> OUT_FOR_DELIVERY rider=D2
2026-08-22T14:53 ORD-00031 OUT_FOR_DELIVERY -> DELIVERED rider=D2
2026-08-22T14:49 ORD-00032 NEW -> PLACED
2026-08-22T14:52 ORD-00032 PLACED -> ACCEPTED
2026-08-22T14:52 ORD-00032 ACCEPTED -> PREPARING
2026-08-22T15:19 ORD-00032 PREPARING -> READY
2026-08-22T15:19 ORD-00032 READY -> ASSIGNED rider=D2
2026-08-22T15:28 ORD-00032 ASSIGNED -> OUT_FOR_DELIVERY rider=D2
2026-08-22T16:01 ORD-00032 OUT_FOR_DELIVERY -> DELIVERED rider=D2
2026-08-23T19:37 ORD-00033 NEW -> PLACED
2026-08-23T19:40 ORD-00033 PLACED -> ACCEPTED
2026-08-23T19:40 ORD-00033 ACCEPTED -> PREPARING
2026-08-23T20:05 ORD-00033 PREPARING -> READY
2026-08-23T20:05 ORD-00033 READY -> ASSIGNED rider=D5
2026-08-23T20:11 ORD-00033 ASSIGNED -> OUT_FOR_DELIVERY rider=D5
2026-08-23T20:46 ORD-00033 OUT_FOR_DELIVERY -> DELIVERED rider=D5
2026-08-24T20:04 ORD-00034 NEW -> PLACED
2026-08-24T20:07 ORD-00034 PLACED -> ACCEPTED
2026-08-24T20:07 ORD-00034 ACCEPTED -> PREPARING
2026-08-24T20:34 ORD-00034 PREPARING -> READY
2026-08-24T20:34 ORD-00034 READY -> ASSIGNED rider=D3
2026-08-24T20:43 ORD-00034 ASSIGNED -> OUT_FOR_DELIVERY rider=D3
2026-08-24T21:04 ORD-00034 OUT_FOR_DELIVERY -> DELIVERED rider=D3
2026-08-25T20:51 ORD-00035 NEW -> PLACED
2026-08-25T20:54 ORD-00035 PLACED -> ACCEPTED
2026-08-25T20:54 ORD-00035 ACCEPTED -> PREPARING
2026-08-25T21:15 ORD-00035 PREPARING -> READY
2026-08-25T21:15 ORD-00035 READY -> ASSIGNED rider=D1
2026-08-25T21:23 ORD-00035 ASSIGNED -> OUT_FOR_DELIVERY rider=D1
2026-08-25T21:53 ORD-00035 OUT_FOR_DELIVERY -> DELIVERED rider=D1
2026-08-25T21:27 ORD-00036 NEW -> PLACED
2026-08-25T21:30 ORD-00036 PLACED -> ACCEPTED
2026-08-25T21:30 ORD-00036 ACCEPTED -> PREPARING
2026-08-25T21:56 ORD-00036 PREPARING -> READY
2026-08-25T21:56 ORD-00036 READY -> ASSIGNED rider=D2
2026-08-25T22:05 ORD-00036 ASSIGNED -> OUT_FOR_DELIVERY rider=D2
2026-08-25T22:36 ORD-00036 OUT_FOR_DELIVERY -> DELIVERED rider=D2
2026-08-26T21:15 ORD-00037 NEW -> PLACED
2026-08-26T21:18 ORD-00037 PLACED -> ACCEPTED
2026-08-26T21:18 ORD-00037 ACCEPTED -> PREPARING
2026-08-26T21:35 ORD-00037 PREPARING -> READY
2026-08-26T21:35 ORD-00037 READY -> ASSIGNED rider=D5
2026-08-26T21:44 ORD-00037 ASSIGNED -> OUT_FOR_DELIVERY rider=D5
2026-08-26T22:17 ORD-00037 OUT_FOR_DELIVERY -> DELIVERED rider=D5
2026-08-27T22:20 ORD-00038 NEW -> PLACED
2026-08-27T22:23 ORD-00038 PLACED -> ACCEPTED
2026-08-27T22:23 ORD-00038 ACCEPTED -> PREPARING
2026-08-27T22:46 ORD-00038 PREPARING -> READY
2026-08-27T22:46 ORD-00038 READY -> ASSIGNED rider=D3
2026-08-27T22:56 ORD-00038 ASSIGNED -> OUT_FOR_DELIVERY rider=D3
2026-08-27T23:11 ORD-00038 OUT_FOR_DELIVERY -> DELIVERED rider=D3
2026-08-28T15:29 ORD-00039 NEW -> PLACED
2026-08-28T15:32 ORD-00039 PLACED -> ACCEPTED
2026-08-28T15:32 ORD-00039 ACCEPTED -> PREPARING
2026-08-28T15:50 ORD-00039 PREPARING -> READY
2026-08-28T15:50 ORD-00039 READY -> ASSIGNED rider=D1
2026-08-28T16:00 ORD-00039 ASSIGNED -> OUT_FOR_DELIVERY rider=D1
2026-08-28T16:33 ORD-00039 OUT_FOR_DELIVERY -> DELIVERED rider=D1
2026-08-28T20:07 ORD-00040 NEW -> PLACED
2026-08-28T20:10 ORD-00040 PLACED -> ACCEPTED
2026-08-28T20:10 ORD-00040 ACCEPTED -> PREPARING
2026-08-28T20:33 ORD-00040 PREPARING -> READY
2026-08-28T20:33 ORD-00040 READY -> ASSIGNED rider=D1
2026-08-28T20:38 ORD-00040 ASSIGNED -> OUT_FOR_DELIVERY rider=D1
2026-08-28T20:59 ORD-00040 OUT_FOR_DELIVERY -> DELIVERED rider=D1
2026-08-29T13:06 ORD-00041 NEW -> PLACED
2026-08-29T13:09 ORD-00041 PLACED -> ACCEPTED
2026-08-29T13:09 ORD-00041 ACCEPTED -> PREPARING
2026-08-29T13:38 ORD-00041 PREPARING -> READY
2026-08-29T13:38 ORD-00041 READY -> ASSIGNED rider=D5
2026-08-29T13:46 ORD-00041 ASSIGNED -> OUT_FOR_DELIVERY rider=D5
2026-08-29T14:11 ORD-00041 OUT_FOR_DELIVERY -> DELIVERED rider=D5
2026-08-30T14:38 ORD-00042 NEW -> PLACED
2026-08-30T14:41 ORD-00042 PLACED -> ACCEPTED
2026-08-30T14:41 ORD-00042 ACCEPTED -> PREPARING
2026-08-30T15:09 ORD-00042 PREPARING -> READY
2026-08-30T15:09 ORD-00042 READY -> ASSIGNED rider=D3
2026-08-30T15:19 ORD-00042 ASSIGNED -> OUT_FOR_DELIVERY rider=D3
2026-08-30T15:42 ORD-00042 OUT_FOR_DELIVERY -> DELIVERED rider=D3
2026-08-31T19:41 ORD-00043 NEW -> PLACED
2026-08-31T19:44 ORD-00043 PLACED -> ACCEPTED
2026-08-31T19:44 ORD-00043 ACCEPTED -> PREPARING
2026-08-31T19:59 ORD-00043 PREPARING -> READY
2026-08-31T19:59 ORD-00043 READY -> ASSIGNED rider=D2
2026-08-31T20:06 ORD-00043 ASSIGNED -> OUT_FOR_DELIVERY rider=D2
2026-08-31T20:39 ORD-00043 OUT_FOR_DELIVERY -> DELIVERED rider=D2
2026-09-03T20:44 ORD-00044 NEW -> PLACED
2026-09-03T20:47 ORD-00044 PLACED -> ACCEPTED
2026-09-03T20:47 ORD-00044 ACCEPTED -> PREPARING
2026-09-03T21:03 ORD-00044 PREPARING -> READY
2026-09-03T21:03 ORD-00044 READY -> ASSIGNED rider=D1
2026-09-03T21:12 ORD-00044 ASSIGNED -> OUT_FOR_DELIVERY rider=D1
2026-09-03T21:31 ORD-00044 OUT_FOR_DELIVERY -> DELIVERED rider=D1
2026-09-06T20:04 ORD-00045 NEW -> PLACED
2026-09-06T20:07 ORD-00045 PLACED -> ACCEPTED
2026-09-06T20:07 ORD-00045 ACCEPTED -> PREPARING
2026-09-06T20:29 ORD-00045 PREPARING -> READY
2026-09-06T20:29 ORD-00045 READY -> ASSIGNED rider=D2
2026-09-06T20:34 ORD-00045 ASSIGNED -> OUT_FOR_DELIVERY rider=D2
2026-09-06T20:52 ORD-00045 OUT_FOR_DELIVERY -> DELIVERED rider=D2
2026-09-06T21:36 ORD-00046 NEW -> PLACED
2026-09-06T21:39 ORD-00046 PLACED -> ACCEPTED
2026-09-06T21:39 ORD-00046 ACCEPTED -> PREPARING
2026-09-06T22:01 ORD-00046 PREPARING -> READY
2026-09-06T22:01 ORD-00046 READY -> ASSIGNED rider=D4
2026-09-06T22:09 ORD-00046 ASSIGNED -> OUT_FOR_DELIVERY rider=D4
2026-09-06T22:37 ORD-00046 OUT_FOR_DELIVERY -> DELIVERED rider=D4
2026-09-09T21:49 ORD-00047 NEW -> PLACED
2026-09-09T21:52 ORD-00047 PLACED -> ACCEPTED
2026-09-09T21:52 ORD-00047 ACCEPTED -> PREPARING
2026-09-09T22:18 ORD-00047 PREPARING -> READY
2026-09-09T22:18 ORD-00047 READY -> ASSIGNED rider=D1
2026-09-09T22:27 ORD-00047 ASSIGNED -> OUT_FOR_DELIVERY rider=D1
2026-09-09T22:53 ORD-00047 OUT_FOR_DELIVERY -> DELIVERED rider=D1
2026-09-14T22:27 ORD-00048 NEW -> PLACED
2026-09-14T22:30 ORD-00048 PLACED -> ACCEPTED
2026-09-14T22:30 ORD-00048 ACCEPTED -> PREPARING
2026-09-14T22:46 ORD-00048 PREPARING -> READY
2026-09-14T22:46 ORD-00048 READY -> ASSIGNED rider=D4
2026-09-14T22:55 ORD-00048 ASSIGNED -> OUT_FOR_DELIVERY rider=D4
2026-09-14T23:15 ORD-00048 OUT_FOR_DELIVERY -> DELIVERED rider=D4
2026-09-20T15:28 ORD-00049 NEW -> PLACED
2026-09-20T15:31 ORD-00049 PLACED -> ACCEPTED
2026-09-20T15:31 ORD-00049 ACCEPTED -> PREPARING
2026-09-20T15:48 ORD-00049 PREPARING -> READY
2026-09-20T15:48 ORD-00049 READY -> ASSIGNED rider=D2
2026-09-20T15:55 ORD-00049 ASSIGNED -> OUT_FOR_DELIVERY rider=D2
2026-09-20T16:20 ORD-00049 OUT_FOR_DELIVERY -> DELIVERED rider=D2
2026-08-15T22:18:10.000635 ORD-00050 NEW -> PLACED
2026-08-15T22:18:10.000635 ORD-00050 PLACED -> CANCELLED
2026-09-26T22:18:10.731217 ORD-00051 NEW -> PLACED
2026-09-26T22:18:10.734208600 ORD-00052 NEW -> PLACED
2026-09-26T22:18:10.735205400 ORD-00052 PLACED -> ACCEPTED
2026-09-26T22:18:10.736203 ORD-00052 ACCEPTED -> PREPARING
2026-09-26T22:18:10.738197700 ORD-00053 NEW -> PLACED
2026-09-26T22:18:10.740191700 ORD-00053 PLACED -> ACCEPTED
2026-09-26T22:18:10.741188800 ORD-00053 ACCEPTED -> PREPARING
2026-09-26T22:18:10.742186700 ORD-00053 PREPARING -> READY
